,,,,,
Google map URL,NAME,ADDRESS_FULL,PHONE_NUMBER,WEBSITE,RATING
"https://www.google.fr/maps/place/Bressane+%2B+Perona+Photographes/@48.8572258,2.215808,13z/data=!4m9!1m2!2m1!1sphotographe+mariage!3m5!1s0x47e6717c88cffc3d:0xbcb137bdfd60164d!8m2!3d48.8572258!4d2.281726!16s%2Fg%2F11sw_8yym1?entry=ttu&g_ep=EgoyMDI1MDIxMC4wIKXMDSoASAFQAw%3D%3D",Bressane + Perona Photographes,"7 Rue Chernoviz, 75016 Paris, France",+33 7 85 18 45 65,http://www.bressaneperona.com/,5
"https://www.google.fr/maps/search/photographe+mariage/@48.8282562,2.2533204,13z/data=!3m1!4b1?entry=ttu&g_ep=EgoyMDI1MDIxMC4wIKXMDSoASAFQAw%3D%3D",JF Photographe,"JF Photographe, 311 Chem. de la Brie, 77550 Moissy-Cramayel, France",+33 6 22 79 25 17,http://www.jf-photographe.com/,5
,BENA PRODUCTION - Agence Photo & Vid√©o,"BENA PRODUCTION - Agence Photo & Vid√©o, 3 Rue des Chaufourniers, 75019 Paris, France",+33 6 98 27 80 99,http://www.benaproduction.com/,"4,9"
,Justinehphotography,"Justinehphotography, Sq. Louis Bl√©riot, 92130 Issy-les-Moulineaux, France",,https://justinehphotography.com/,5
,Basile Crespin Photography,"Basile Crespin Photography, 5 Rue du G√©n√©ral Renault, 75011 Paris, France",+33 6 66 57 14 05,http://www.paris-photographe-mariage.com/,5
,PH EVENTS Photographe de Mariage Fontainebleau 77,"PH EVENTS Photographe de Mariage Fontainebleau 77, 14 Av. du G√©n√©ral de Gaulle, 77210 Avon, France",+33 7 77 28 19 81,https://ph-events-photographie.com/,"4,9"
,L'oeil de votre √©v√©nement,"L'oeil de votre √©v√©nement, 35 Rue Joseph Bertrand, 78220 Viroflay, France",+33 6 87 09 41 34,https://pascalversaci.wixsite.com/oeilevenement,5
,Jeremy Froeliger,"Jeremy Froeliger, 146 Rue Cardinet, 75017 Paris, France",+33 6 38 55 38 08,https://www.photosmariage.fr/,"4,9"
,Mariem de SaintK,"Mariem de SaintK, 109 Rue Manin, 75019 Paris, France",+33 6 81 88 08 72,https://mariemdesaintk.com/,5
,"Marie V Photographie - Grossesse, famille, mariage - Essonne (91) et Ile-de-France (IDF) üôÇ","Marie V Photographie - Grossesse, famille, mariage - Essonne (91) et Ile-de-France (IDF) üôÇ, 5 All. de la Buchette, 91560 Crosne, France",+33 7 68 92 32 96,https://marievphotographie.fr/?utm_source=organic&utm_medium=organic&utm_campaign=GMB,"4,9"
,Vibrant Feelings,"Vibrant Feelings, 19 Rue Lahire, 75013 Paris, France",+33 6 59 70 81 11,https://www.vibrant-feelings.com/,"4,8"
,Angela di Paolo Photography,"Angela di Paolo Photography, 59 Rue de Bretagne, 75003 Paris, France",+33 6 58 50 96 13,http://www.angeladipaolo.fr/,"4,9"
,Fanny Ritz Photographe,"Fanny Ritz Photographe, 9 Rue de l'Indre, 75020 Paris, France",+33 6 63 09 27 55,http://www.fannyritz.com/,5
,Axiane Photographe,"Axiane Photographe, N20, 91300 Massy, France",+33 6 49 80 59 62,http://www.axianephotographe.fr/,5
,Didier Laurent Photographe,"Didier Laurent Photographe, Rue des H√™tres, 93160 Noisy-le-Grand, France",+33 6 51 87 70 38,https://www.laurentdidierphotographe.com/,"4,9"
,Studio Art Photographe Paris,,+33 6 66 00 25 25,https://studioart-photographe.fr/,5
,Raffi Mardirossian,"Raffi Mardirossian, 3 Rue des Chantiers, 75005 Paris, France",+33 6 12 86 82 96,https://www.photographe-mariage.fr/,5
,Noitome Photo,"Noitome Photo, 4 Rue de la Division Leclerc, 78440 Gargenville, France",+33 7 56 95 11 11,https://noitomephoto.com/,5
,Alex Rocca Photographe,"Alex Rocca Photographe, 80 Rue d'Elbeuf, 76100 Rouen, France",+33 7 83 01 12 54,https://www.alexroccaphoto.fr/,5
,Cedric Derbaise Photographe,"Cedric Derbaise Photographe, 374 Rue de Pierrepont, 60430 Ponchon, France",+33 6 07 78 99 94,http://www.cedric-derbaise.com/,5
,Andr√© Devienne Photographe de Mariage,"Andr√© Devienne Photographe de Mariage, 6 Rue Claude Monet, 95440 √âcouen, France",+33 6 25 95 79 60,https://www.andredevienne.fr/,"4,9"
,Lina Raziq,"Lina Raziq, 5 Rue Charles Dickens, 75016 Paris, France",+33 6 17 40 43 81,https://linaraziq.com/,"4,8"
,Photographe Mariage Paris - Georges Vuong Photographe,"Photographe Mariage Paris - Georges Vuong Photographe, 158 Rue St Charles, 75015 Paris, France",+33 6 76 97 69 59,https://www.georgesvuong.fr/,5
,"Marina Kyroglou Photographe - Mariage, Grossesse, Famille - Fontainebleau","Marina Kyroglou Photographe - Mariage, Grossesse, Famille - Fontainebleau, 3 Rue de Larchant, 77760 Villiers-sous-Grez, France",+33 6 71 90 99 35,https://www.marinakyroglou.fr/,5
,Evanie photographe IDF mariage famille,"Evanie photographe IDF mariage famille, 35 Rue Jean XXIII, 91800 Brunoy, France",+33 7 72 31 49 60,https://www.evaniephotographe.com/,5
,Mon Photographe Mariage,"Mon Photographe Mariage, 4 Rue de la Garenne, 91230 Montgeron, France",+33 6 99 13 07 08,https://www.monphotographemariage.com/,"4,8"
,Podgorski Victor,"Podgorski Victor, 37 Rte des Andelys, 27510 Pressagny-l'Orgueilleux, France",+33 6 84 10 94 88,http://www.victor-podgorski.com/,"4,9"
,Solene Lagant photographe famille et mariage,"Solene Lagant photographe famille et mariage, 34 Clos des Champs, 28130 Saint-Martin-de-Nigelles, France",,https://www.solenelagant.com/,5
,Na√Øs & Isaac,"Na√Øs & Isaac, 18 Rue Jean Jaur√®s, 91700 Villiers-sur-Orge, France",+33 6 61 60 41 01,http://naisetisaac.com/,5
,Arnaud Delaunay photographe,"Arnaud Delaunay photographe, 4 Rue des Vaux de L√®ves, 28300 L√®ves, France",+33 6 60 23 31 20,http://www.arnauddelaunay.com/,5
,Les Amoureux Photographie,"Les Amoureux Photographie, 2 Quai Eug√®ne Gaudineau, 77400 Pomponne, France",,https://www.lesamoureuxphotographie.fr/,5
,Objectif-mariage,"Objectif-mariage, 33 Rue Philippe de Girard, 75010 Paris, France",+33 6 49 73 21 32,https://www.objectif-mariage.fr/,5
,Maxime Desessard,"Maxime Desessard, 12 Rue de la Verrerie, 75004 Paris, France",+33 6 09 07 83 56,https://www.studio-max.fr/,5
,Wander Moons Photographe professionnel,"Wander Moons Photographe professionnel, 52 Bis Rue Jean Jaur√®s, 91300 Massy, France",+33 6 95 73 94 16,https://wandermoons.com/,5
,Alexandre Proix - Photographe de mariage,"Alexandre Proix - Photographe de mariage, 32 Rue Baron, 75017 Paris, France",+33 6 07 19 37 24,https://www.alexandreproix.com/,5
,Nicolas Baudry Photographe,"Nicolas Baudry Photographe, 56 Bd de Clichy, 75018 Paris, France",+33 6 50 61 65 82,https://www.nicolasbaudry.com/,"4,9"
,Guillaume Galmiche - Photographe √âv√©nementiel : Mariage - Entreprise - M√©dias,"Guillaume Galmiche - Photographe √âv√©nementiel : Mariage - Entreprise - M√©dias, 9 Rue Claude Bernard, 75005 Paris, France",,https://bento.me/guillaumegalmiche,5
,Monsieur Jeff - Photographe,"Monsieur Jeff - Photographe, 120 Rue de la R√©publique, 92800 Puteaux, France",,https://monsieurjeff.com/,5
,Lora Barra,"Lora Barra, 106 Rue du Ch√¢teau, 92100 Boulogne-Billancourt, France",+33 6 10 81 40 34,http://www.lorabarra.com/,5
,Laetitia Rivi√®re Photography,"Laetitia Rivi√®re Photography, Bd Aristide Briand 113, 91600 Savigny-sur-Orge, France",+33 6 13 26 13 01,https://www.laetitiariviere.com/,5
,Paris Photographer,"Paris Photographer, 1 Place du March√©, 78110 Le V√©sinet, 78110 Le V√©sinet, France",,,5
,JJGueudry-photographe Photographe de Mariage 77 Dammartin,"JJGueudry-photographe Photographe de Mariage 77 Dammartin, 4 Rue de Bourbon Cond√©, 77230 Dammartin-en-Go√´le, France",+33 6 69 15 00 35,,5
,VinceWLKR Photographe - (Vincent WALKER),"VinceWLKR Photographe - (Vincent WALKER), Rue de Seine, 77240 Seine-Port, France",+33 6 89 21 08 68,https://www.vincewlkr.com/,5
,Joanna Bhm,"Joanna Bhm, 9 Rue Am√©d√©e Boll√©e, 92500 Rueil-Malmaison, France",+33 6 24 32 51 34,http://www.joannabhmphotographies.com/,5
,Morgane Green - Photographe,"Morgane Green - Photographe, 60000 Beauvais, France",,http://www.morganegreen.com/,5
,S√©verine Alves Photographe Mode/Ev√®nements/Mariage,"S√©verine Alves Photographe Mode/Ev√®nements/Mariage, 5 Bd du Bel air, 93460 Gournay-sur-Marne, France",+33 6 78 06 67 94,https://www.severine-photographie.fr/,5
,jmPictures,,+33 6 95 01 52 58,https://jmpictures.fr/,"4,9"
,Pierre Torset Photography,"Pierre Torset Photography, 66 Rue Orfila, 75020 Paris, France",+33 6 28 23 79 53,https://www.paris-photographer.net/,5
,Latin Capture,"Latin Capture, 17 Chem. des Prairies-Visy, 77610 Fontenay-Tr√©signy, France",+33 6 47 15 45 15,http://www.latincapture.com/,5
,Photographe Mariage - Yoann Pallier,"Photographe Mariage - Yoann Pallier, All. des Fontaines, 95210 Saint-Gratien, France",,https://www.yoannpallier.com/,5
,My Shooting Photo - Photographe,"My Shooting Photo - Photographe, 30-36 Rue du Sergent Bauchat, 75012 Paris, France",+33 6 67 40 42 35,https://www.myshootingphoto.fr/,"4,9"
,Marie Laure Duarte,"Marie Laure Duarte, 97 Rue de France, 77300 Fontainebleau, France",+33 6 50 92 14 77,http://www.marielaureduarte.com/?utm_source=google&utm_medium=wix_google_business_profile&utm_campaign=2751591037534683530,5
,Camera Workshop Du Loing,"Camera Workshop Du Loing, 42 Rue Grande, 77250 Moret sur Loing, France",+33 1 64 31 15 21,http://www.latelierphotoduloing.com/,"4,9"
,Mickael Schmidt - Photographe professionnel,"Mickael Schmidt - Photographe professionnel, 136 Av. du G√©n√©ral de Gaulle, 78600 Maisons-Laffitte, France",+33 7 60 53 70 81,https://mickaelschmidt.com/,5
,Grain de folie Photographie & Ev√©nementiel,"Grain de folie Photographie & Ev√©nementiel, 12 Av. des Pr√©s, 78180 Montigny-le-Bretonneux, France",+33 6 86 18 71 91,http://www.graindefolie-photographe.fr/,"4,9"
,Samantha Pastoor Photographe,"Samantha Pastoor Photographe, 8 Av. Paul C√©zanne, 94420 Le Plessis-Tr√©vise, France",+33 6 12 40 34 30,http://www.samanthapastoor.com/,5
,Fanny Roger Photography,"Fanny Roger Photography, 15 Rue des Abbesses, 75018 Paris, France",+33 6 58 51 98 47,https://fannyphotodeco.com/,5
,Les Mariages d'Elo,,+33 6 43 52 89 36,http://www.lesmariagesdelo.com/,5
,Graines de Vies - Photographe,"Graines de Vies - Photographe, 6bis Rue Basse, 95640 Neuilly-en-Vexin, France",+33 6 75 55 14 87,http://www.grainesdevies.com/,"4,9"
,Kheyar Karim Photography,"Kheyar Karim Photography, 7-9 Rue du Grenier-Saint-Lazare, 75003 Paris, France",+33 6 76 26 60 33,https://www.karimkheyar.fr/,"4,9"
,FRED PHOTOGRAPHY,"FRED PHOTOGRAPHY, 11 Av. du Capitaine Louys, 93250 Villemomble, France",+33 6 09 88 96 89,https://fred-photography.com/,"4,7"
,Eric Pothier Photographies,"Eric Pothier Photographies, 17 Rue des Cit√©s, 92500 Rueil-Malmaison, France",+33 6 68 21 82 68,https://ericpothier.fr/,5
,Agence Pearl,"Agence Pearl, 2 Pass. Flourens, 75017 Paris, France",+33 6 69 67 27 19,http://www.agencepearl.com/,5
,Gwendoline Chopineau photographe,"Gwendoline Chopineau photographe, 53 Rue Francoeur, 91170 Viry-Ch√¢tillon, France",+33 6 27 08 48 25,https://gc-photographie.fr/,5
,Martin Wallace,"Martin Wallace, 45 Rue Armand Carrel, 76000 Rouen, France",+33 6 02 50 36 85,https://www.martinwallace.fr/,5
,Nicolas Lefebvre photographe,"Nicolas Lefebvre photographe, 7 Parc de la Sa√¢ne, 76130 Mont-Saint-Aignan, France",+33 6 15 93 06 76,http://www.photographe-nicolas-lefebvre.fr/,5
,photographe mariage - videophoto-pro,"photographe mariage - videophoto-pro, 2 All. Pissaro, 95230 Soisy-sous-Montmorency, France",,https://www.videophoto-pro.com/,"4,9"
,Lika Banshoya - Poetic Photography,"Lika Banshoya - Poetic Photography, 11 Cit√© Falaise, 75018 Paris, France",+33 6 60 81 64 02,http://www.likabanshoyaweddings.com/,5
,Wedding Capture,"Wedding Capture, 11 Rue de Clamart, 92100 Boulogne-Billancourt, France",+33 7 82 15 37 87,https://www.wedding-capture.fr/,5
,Guillaume Marbeck,"Guillaume Marbeck, 66 Rue de Lisbonne, 75008 Paris, France",,https://www.guillaumemarbeck.com/,5
,JulienPhotographe,"JulienPhotographe, 21 Av. Georges Pompidou, 92150 Suresnes, France",+33 6 24 78 30 65,https://www.julienphotographe.fr/,5
,Expert photo de mariage,"Expert photo de mariage, 4 Rue Nungesser et Coli, 75016 Boulogne-Billancourt, France",+33 6 62 66 40 18,https://www.photographes-mariage.com/,5
,Olivier Guyot Photographie,"Olivier Guyot Photographie, 1188 Rue de la Bretechelle, 78370 Plaisir, France",+33 6 61 71 66 09,http://www.olivierguyot.fr/,5
,Fr√©d√©ric Lipzyc,"Fr√©d√©ric Lipzyc, 92 Av. des Ternes, 75017 Paris, France",+33 6 59 39 15 94,http://www.live-photographe.com/,5
,Photographe √† Herblay - mariage & naissance,"Photographe √† Herblay - mariage & naissance, 17 Rue aux Perles, 95220 Herblay-sur-Seine, France",+33 6 38 55 38 08,http://www.objectifphoto.fr/,"4,9"
,DALALE SHOEIR PHOTOGRAPHE,"DALALE SHOEIR PHOTOGRAPHE, 3 Rue de la Baleine du Groenland, 77340 Pontault-Combault, France",+33 6 34 66 91 99,https://dalaleshoeir.com/,"4,9"
,Sabrina Godemert Photographe,"Sabrina Godemert Photographe, Av. de la Gare, 77310 Saint-Fargeau-Ponthierry, France",+33 6 64 86 83 11,http://www.sabrinagodemert-photo.fr/,5
,St√©phane Auvray - photographe Oise et Marne,"St√©phane Auvray - photographe Oise et Marne, 8 Rue de l'Ancien Presbyt√®re, 60440 Nanteuil-le-Haudouin, France",+33 6 09 56 77 55,http://www.stephane-auvray.fr/,"4,9"
,Photographe de Mariage Paris,"Photographe de Mariage Paris, 9 Rue Fabre d'Eglantine, 75012 Paris, France",+33 1 84 67 29 12,https://photographe-de-mariage.org/,5
,Christophe ROLAND Photographe,"Christophe ROLAND Photographe, 77100 Meaux, France",,https://christopheroland.com/,"4,8"
,Patrick Moreira - Photographe Mariage,"Patrick Moreira - Photographe Mariage, All. Downpatrick, 95870 Bezons, France",+33 6 75 67 14 50,https://patrickmoreira.fr/,5
,Benjamin Brette,,+33 6 82 17 16 52,http://www.benjaminbrette.com/,5
,PixMariage | Photographe de Mariage,"PixMariage | Photographe de Mariage, La Mussine, 77820 Le Ch√¢telet-en-Brie, France",+33 6 21 64 74 34,,5
,Christophe Lefebvre Photographer Hire Photobooth,"Christophe Lefebvre Photographer Hire Photobooth, 7 Rue Masson, 78600 Maisons-Laffitte, France",+33 6 03 09 37 89,https://christophelefebvre.com/,5
,Xavier Rohard Photographie | Mariage | Portrait,"Xavier Rohard Photographie | Mariage | Portrait, 203 Av. de la Division Leclerc, 92290 Ch√¢tenay-Malabry, France",,https://www.xr-photographie.com/,5
,Maxsens Photographe,"Maxsens Photographe, 6 Sq. de la Pierre Fite, 78120 Rambouillet, France",+33 6 88 61 16 37,http://maxsens.fr/,5
,Chris Marchesi PHOTOGRAPHE Seine et Marne 77,"Chris Marchesi PHOTOGRAPHE Seine et Marne 77, 29 Rue de la Marne, 77170 Servon, France",+33 6 99 82 20 95,http://www.chrismarchesi.com/,"4,9"
,"üì∏ Edouard Lefort - Photographe √† Rouen pour Entreprises, Mariages & Particuliers","üì∏ Edouard Lefort - Photographe √† Rouen pour Entreprises, Mariages & Particuliers, 64 Bd de l'Europe, 76100 Rouen, France",+33 6 76 60 48 89,https://www.edouardlefort.com/,5
,Ana√Øs Roguiez Photographe,"Ana√Øs Roguiez Photographe, 2 Grande Rue, 95280 Jouy-le-Moutier, France",+33 6 59 10 17 78,https://aroguiezphotographie.com/,5
,Claire Morris Photography,"Claire Morris Photography, 72 Rue de Gergovie, 75014 Paris, France",,https://clairemorrisphotography.com/,"4,9"
,Photographe Studio/Mariage/Famille/Corporate - J√©r√¥me Surel,"Photographe Studio/Mariage/Famille/Corporate - J√©r√¥me Surel, 5 Rue de Mondonville, 91290 Arpajon, France",+33 6 10 70 17 95,,"4,6"
,R Mariage,"R Mariage, 10 Rue des Aub√©pines, 77400 Thorigny-sur-Marne, France",+33 6 23 31 03 46,http://www.r-mariage.fr/,5
,Kathia Koy Photographie,"Kathia Koy Photographie, 38 Rue Henry Litolff, 92700 Colombes, France",+33 7 56 82 35 67,https://kathiakoyphotographie.fr/,5
,Alisson Ressy Photographe - Studio AR,"Alisson Ressy Photographe - Studio AR, Cabinet Osez √ätre, 99 Av. Roger Guichard, 95610 √âragny, France",,http://alissonressy.com/,5
,Liberty Photographie & Amoureux en Photo,,+33 7 68 07 43 45,http://www.amoureuxenphoto.com/,5
,Julien Laurent-Georges,"Julien Laurent-Georges, 10 Rue Parent de Rosan, 75016 Paris, France",+33 6 32 84 09 75,https://www.photocamex.com/,"4,8"
,Eric ROBINEAU photographe,,+33 6 63 72 90 21,http://www.ericrobineau.com/,5
,Claire Galliot - Photographe,,+33 6 03 53 07 52,https://clairegalliotphotographe.com/,5
,"Memories | Photographe mariage, famille, grossesse, b√©b√©, couple","Memories | Photographe mariage, famille, grossesse, b√©b√©, couple, 27 Av. Lamartine, 77290 Mitry-Mory, France",,https://www.thememories.fr/?utm_source=GMB&utm_medium=organic&utm_campaign=GMB,5
,Les Photos De Bela,,+33 6 52 53 54 84,https://lesphotosdebela.fr/,"4,9"
,Ois√≠n Gormally Photography,"Ois√≠n Gormally Photography, 55 Rue Pascal, 75013 Paris, France",+33 6 38 35 71 43,http://www.oisingormallyphotography.com/,5
,Photo‚ÄôPass28,"Photo‚ÄôPass28, 28360 La Bourdini√®re-Saint-Loup, France",+33 6 81 80 55 27,https://m.facebook.com/DavidPhotopass,5
,Studio Id√©es-Photos / Photographe mariage Essonne,"Studio Id√©es-Photos / Photographe mariage Essonne, 25 Av. Maurice Barres, 91420 Morangis, France",+33 6 10 63 38 01,https://studio-ideesphotos.com/,5
,Nicolas Dantan - Photographe de mariage,,+33 6 85 77 53 72,https://ndphotos.fr/,5
,Edouard Pacreau,"Edouard Pacreau, 45 Rue Raymond Patenotre, 78120 Rambouillet, France",+33 6 74 75 72 11,https://www.edouardpacreau.com/,5
,Guillaume Gimenez,,+33 6 51 50 94 83,https://guillaumegimenez.com/,5
,Studio Matthieu,,+33 6 62 61 47 24,https://www.studiomatthieu.com/,5
,TesBellesPhotos,"TesBellesPhotos, Rue Camille Claudel, 78130 Les Mureaux, France",+33 6 32 77 97 07,https://www.tesbellesphotos.fr/,"4,8"
,"Fabrice Labit Photographe - Portrait, Polas, Test agence, Mariage, √âv√©nementiel - Paris","Fabrice Labit Photographe - Portrait, Polas, Test agence, Mariage, √âv√©nementiel - Paris, 23 Rue B√©nard, 75014 Paris, France",+33 6 83 25 24 89,https://fabricelabit.com/,5
,photographe mariage 77,"France, Bussy-Saint-Georges, Av. Marie Curie, photographe mariage 77ÈÇÆÊîøÁºñÁ†Å: 77600",+33 6 13 23 69 45,,5
,Photographe de mariage - Eric Arrachart,,+33 6 22 42 03 47,https://www.ericarrachart.fr/,5
,Nolwenn Rabineau Photographe,"Nolwenn Rabineau Photographe, 116 Rue Wilson, 77880 Grez-sur-Loing, France",+33 7 67 77 86 01,https://nr-photographe.com/,5
,Studio wajih,"Studio wajih, 7 All. des P√¢querettes, 78990 √âlancourt, France",+33 6 01 28 29 45,https://www.photographe-demariage.fr/,5
,Studio Photo Mariage,"Studio Photo Mariage, 36bis Rue Henri Barbusse, 92110 Clichy, France",+33 1 47 56 09 85,https://www.studio-photographe.com/photographe-mariage-clichy/,"3,9"
,DANIELA THURISSEY PHOTOGRAPHY,"DANIELA THURISSEY PHOTOGRAPHY, Bd de la R√©publique, 92250 La Garenne-Colombes, France",+33 6 58 10 61 89,http://danielathurissey.com/,5
,Sarah Chesnel - Photographe Ev√©nementiel - Mariage & Famille,,+33 6 12 55 49 16,https://www.sarahchesnelphotographie.com/,5
,Alain Leprevost photographe vid√©aste,"Alain Leprevost photographe vid√©aste, 6 Chem. de la Mori√®re, 27580 Bourth, France",+33 6 11 02 48 70,http://alainleprevost.fr/,5
,Mathieu Morice,"Mathieu Morice, 6 Rue P√©pin le Bref, 02200 Soissons, France",+33 6 81 29 09 95,,"4,6"
,photographe mariage - Virginie Devisse,"photographe mariage - Virginie Devisse, Rue du Berceau, 94130 Fontenay-sous-Bois, France",+33 6 63 33 41 66,,
,üì∑ Gog Pix - Photographe Studio | Iris | Portraits | √âv√©nements | Mariage - Oise | Val-d‚ÄôOise,"üì∑ Gog Pix - Photographe Studio | Iris | Portraits | √âv√©nements | Mariage - Oise | Val-d‚ÄôOise, Rue de Noailles, 60730 Sainte-Genevi√®ve, France",+33 7 68 41 61 87,https://www.gog-pix.com/,5
,Najib Hajjar Photographe Mariage,"Najib Hajjar Photographe Mariage, 10 Rue du Laos, 75015 Paris, France",+33 7 68 98 33 69,https://najibhajjar.com/,5
,Ang√©lique Photographe,"Ang√©lique Photographe, 1 Rue Notre Dame, 28270 Brezolles, France",,,5
,Film Elite Mariage Studio,"Film Elite Mariage Studio, 70 Av. Jean Jaur√®s, 91230 Montgeron, France",+33 6 95 73 64 78,https://www.filmelitemariage.fr/,5
,Ams photographe Paris,"Ams photographe Paris, 1 Sq. Jean Paul Marat, 78280 Guyancourt, France",+33 6 52 67 03 60,https://amadoudiouf.pixieset.com/,5
,CegoÔΩú Photographe mariage intimiste - Paris,,+33 6 07 87 38 22,http://www.cegoproduction.com/,5
,Dylan Picard - Photographe Mariage Brest,,+33 6 88 97 01 45,http://dylanpicard.fr/,5
,The Witness photographe,"The Witness photographe, 92 Rue d'Ernemont, 76000 Rouen, France",+33 6 76 31 82 38,https://thewitness.fr/,5
,EL photographe,"EL photographe, 36 Rue Danton, 92300 Levallois-Perret, France",+33 6 81 12 50 80,https://www.ericlahurtephotographe.com/,"4,7"
,LoveStory photographe de mariage,"LoveStory photographe de mariage, 40 Rue du Point du Jour, 92100 Boulogne-Billancourt, France",+33 1 84 67 18 75,,5
,Onlens Photographe - Mariage - C√©r√©monie - √âv√®nement,"Onlens Photographe - Mariage - C√©r√©monie - √âv√®nement, 56 Quai Eug√®ne le Corre, 78700 Conflans-Sainte-Honorine, France",+33 6 10 16 74 55,https://www.onlens.fr/,"4,3"
,Alex Therry - Photographe de Mariage,"Alex Therry - Photographe de Mariage, 8 Rue Charles de Gaulle, 94140 Alfortville, France",,https://alextherry.com/,5
,Leslie Photographie,"Leslie Photographie, Rue du G√©n√©ral Leclerc, 78420 Carri√®res-sur-Seine, France",+33 6 29 82 37 70,http://www.leslie-photographie.com/,"4,9"
,Lucia R. Photographie,"Lucia R. Photographie, 9 Bd de la Gare, 91580 √âtr√©chy, France",,http://www.luciarphotographie.com/,5
,Benjamin Bocquet Photographe,"Benjamin Bocquet Photographe, 52 Rue de la Gare, 78370 Plaisir, France",,https://benjaminbocquet.fr/,5
,Melassi Photography | PHOTOGRAPHE GROSSESSE famille naissance BEBE mariage couples,"Melassi Photography | PHOTOGRAPHE GROSSESSE famille naissance BEBE mariage couples, 3 Rue Xaintrailles, 75013 Paris, France",+33 7 60 96 49 27,,5
,Trenti√®me Etage,"Trenti√®me Etage, 66 Av. des Champs-√âlys√©es Bureau 46, 75008 Paris, France",+33 6 66 95 03 66,https://trentieme-etage.com/,5
,Lalicile photographe,"Lalicile photographe, 27150, D6, 27150 Puchay, France",+33 6 89 73 90 59,http://lalicile-photographe-27-76-95.fr/,5
,Ticolibri Pictures - Photographe mariage 77 Seine et Marne,,+33 6 63 49 85 56,http://www.ticolibripictures.com/,5
,AAubry Photographies üì∏ üíç Photographe mariage Seine et Marne,"AAubry Photographies üì∏ üíç Photographe mariage Seine et Marne, 29 Av. de Verdun, 77290 Mitry-Mory, France",+33 6 03 24 21 79,http://aaubryphotographies.com/,5
,Dyhia Films et Photos,,+33 7 77 31 79 17,https://dyhia-photographie.com/,5
,La Luciole Photographie - Photographe mariage dans le Val d'Oise et les Yvelines,"La Luciole Photographie - Photographe mariage dans le Val d'Oise et les Yvelines, 46 Rue Chaudron, 93210 Saint-Denis, France",,http://www.laluciolephotographie.fr/,5
,"Ga√´lle Berthelin Photographie, Photographe corporate , photographe aquatique, photographe mariage et grossesse","Ga√´lle Berthelin Photographie, Photographe corporate , photographe aquatique, photographe mariage et grossesse, 17 Rue du Petit Robinson, 95520 Osny, France",+33 6 79 22 58 69,https://studio-photo-osny.webnode.fr/,5
,Jeremy Dan | Photographe de Mariage 92,"Jeremy Dan | Photographe de Mariage 92, Rue des Filmins, 92330 Sceaux, France",+33 6 50 05 68 91,https://www.jeremydan.fr/,5
,"üì∏ Photographe Paris Photo Lifestyle, mariage, particulier, entreprise, fashion","üì∏ Photographe Paris Photo Lifestyle, mariage, particulier, entreprise, fashion, 19 Rue des Foss√©s Saint-Jacques, 75005 Paris, France",+33 7 81 26 37 26,https://photographe-paris.virtueltime.com/,5
,PHOTOGRAPHE ANNA RAOUKHVERGER,"PHOTOGRAPHE ANNA RAOUKHVERGER, 40 Sq. Agrippa d'Aubign√©, 91250 Saint-Germain-l√®s-Corbeil, France",+33 6 87 09 02 81,https://photographe-anna.fr/,"4,9"
,Michael Noirot Photographe,"Michael Noirot Photographe, 16 Rue des Veneurs, 60200 Compi√®gne, France",+33 6 87 02 71 76,http://www.michaelnoirot.com/,"4,8"
,Photographe mariage Paris MD,"Photographe mariage Paris MD, 38 Rue de la Tour, 75116 Paris, France",+33 6 10 84 39 95,http://photographeparismariage.fr/,5
,Cindy Obitz | Photographe canin & mariage,,,http://www.cindyobitz.com/,5
,FLV Photographie / Photographe professionnel / Photographe de mariage,,+33 6 73 17 60 52,http://www.flvphotographie.fr/,5
,Elizaveta Photography,"Elizaveta Photography, 142 Rue de Rivoli, 75001 Paris, France",,https://elizavetaphotography.com/,5
,Frank Guiraud Photographe,"Frank Guiraud Photographe, 3 Rue du Loup Pendu, 92350 Le Plessis-Robinson, France",+33 6 63 77 82 37,http://www.frankguiraud.fr/,5
,PHOTOGRAPHE,"PHOTOGRAPHE, 1137 Av. de Paris, 91530 Sermaise, France",+33 7 82 47 36 00,http://www.cetteimage.fr/,5
,Julien Lebas Photography - Photographe mariage,,+33 6 35 42 58 71,http://www.julienlebas-photography.fr/,5
,Fredreflex Photographe Mariage / Grossesse / Identit√© & Corporate / ( RV/T√©l.Photo Identit√© chez vous) - Essonne & Yvelines,"Fredreflex Photographe Mariage / Grossesse / Identit√© & Corporate / ( RV/T√©l.Photo Identit√© chez vous) - Essonne & Yvelines, 91940 Gometz-le-Ch√¢tel, France",+33 6 74 21 60 24,http://www.fredreflex.fr/,5
,Hayk Galstyan Photography,"Hayk Galstyan Photography, 21 Rue de Richelieu, 75001 Paris, France",+33 6 51 52 22 22,https://haykgalstyan.com/,5
,The Paris Photographer,"The Paris Photographer, 13 Rue Yvon Villarceau, 75116 Paris, France",+33 6 62 43 95 95,https://www.theparisphotographer.com/,5
,Mahdi Aridj Photography,"Mahdi Aridj Photography, 31 Rue Doudeauville, 75018 Paris, France",+33 6 60 96 75 66,http://www.mahdiaridjphotography.com/,"4,8"
,F√©vrier Photography,"F√©vrier Photography, 59 Rue du Faubourg du Temple, 75010 Paris, France",+33 7 55 73 53 73,https://www.fevrierphoto.com/?utm_source=google&utm_medium=wix_google_business_profile&utm_campaign=10197173188697856555,5
,Georgiana-photo Photographe,,+33 6 49 07 36 16,https://mariages.georgiana-photo.com/,5
,Photographe Mariage √† √éle de France - MAC STUDIO.co,"Photographe Mariage √† √éle de France - MAC STUDIO.co, 8 bis Rue Hoche, 94130 Nogent-sur-Marne, France",,https://www.maykoncardoso.com/weddings,5
,Alchemia: Wedding photo and video team,,,https://www.alchemia-photoandfilm.com/,5
,camille saulnier photographe mariage,"camille saulnier photographe mariage, 316 Rue Marc Chagall, 77190 Dammarie-les-Lys, France",+33 7 64 65 08 16,http://camillesaulnier.com/contact,5
,Milasio Photographe Expert,"Milasio Photographe Expert, Av. Jacques Cartier, 77600 Bussy-Saint-Georges, France",+33 6 09 23 91 15,http://www.photo-mariage.net/,"4,7"
,Pauline Huyet Photographe - Photographe Mariage - Portrait - Ev√®nements,"Pauline Huyet Photographe - Photographe Mariage - Portrait - Ev√®nements, 14 Rue Fr√©d√©ric Passy, 77470 Trilport, France",+33 7 68 25 15 75,https://paulinehuyetphotographe.jimdosite.com/,5
,HBArtworks,"HBArtworks, 118 Rue de Javel, 75015 Paris, France",+33 6 60 58 63 07,http://www.hbartworks.com/,5
,Photographe Mariage EVJF Paris,"Photographe Mariage EVJF Paris, 42 Rue Poissonni√®re, 75002 Paris, France",+33 7 82 00 45 96,https://photographeamiens.fr/me-contacter/,
,Andrini.fr Photographe de mariage,"Andrini.fr Photographe de mariage, 7 6√®me Avenue, 77680 Roissy-en-Brie, France",+33 6 75 33 27 96,,5
,Photographe & Vid√©aste,"Photographe & Vid√©aste, 4 Rue Jules Lefebvre, 75009 Paris, France",+33 7 67 02 33 75,,"3,2"
,Imagesbydavidcholewa Photographe Paris 16 Studio Photo,"Imagesbydavidcholewa Photographe Paris 16 Studio Photo, 53 Rue de Passy, 75016 Paris, France",+33 6 15 07 79 89,http://www.imagesbydavidcholewa.com/,5
,Rgraphiste-photographe (Mariage),,+33 6 45 75 21 57,https://rgraphiste-photographe.com/,5
,Photographie de mariage - Silv√®re Mouret,,+33 6 10 95 32 45,https://silveremouret.com/,5
,Photographe Pro - Mariage Paris,"Photographe Pro - Mariage Paris, 60 Voie Georges Pompidou, 75016 Paris, France",+33 7 49 63 58 04,https://sites.google.com/view/visiomoment/accueil-home,5
,Camille Morh Photographe,"Camille Morh Photographe, 10 Rue Pannard, 28190 Courville-sur-Eure, France",+33 6 50 67 67 59,https://camille-morh.fr/,5
,G√©rard Etienne photographe b√©b√© √† domicile.,,+33 6 58 28 88 51,https://www.photographeprods.fr/,"4,9"
,LouisPhilippeSebas - Photographe de mariage,"LouisPhilippeSebas - Photographe de mariage, 39 Rue Saint-Roch, 95260 Beaumont-sur-Oise, France",+33 6 50 96 32 30,,5
,jade b photographe,,,https://www.ickaabod.fr/,5
,Studio Ma-Photographe,"Studio Ma-Photographe, 5 RUE DES CH√äNES, 28400 Champrond-en-Perchet, France",+33 6 58 92 31 62,https://ma-photographe.com/index.html,"4,7"
,"Studio Fengari - Photographe Mariage, Culinaire, Portrait",,+33 7 87 51 41 44,https://www.studio-fengari.com/,5
,"Alexandre Moulard - Photographe professionnel mariage, corporate & architecture","Alexandre Moulard - Photographe professionnel mariage, corporate & architecture, 33 rue du faubourg&nbsp;St Martin, 75010 Paris, France",+33 6 89 15 33 82,https://alexandremoulard.com/,5
,Sofil - Photographe 77 - Photographe Mariage - Naissance,"Sofil - Photographe 77 - Photographe Mariage - Naissance, Rampillon, 77370 Rampillon, France",+33 6 21 56 62 35,http://sofil-photographe.com/,5
,PhotoPresta - Photographes et vid√©astes professionnels,"PhotoPresta - Photographes et vid√©astes professionnels, 35 Rue de la Harpe, 75005 Paris, France",+33 1 89 31 04 58,http://www.photopresta.fr/,"4,8"
,OR Photographe,"OR Photographe, 47 Rue des Marni√®res, 28630 Barjouville, France",+33 6 75 99 47 56,http://orphotographe.com/,"4,9"
,FILMLOUNGE PARISÁéØÁêÉÊóÖÊãçÂ©öÁ∫±ÊëÑÂΩ±&ÊëÑÂÉè,"FILMLOUNGE PARISÁéØÁêÉÊóÖÊãçÂ©öÁ∫±ÊëÑÂΩ±&ÊëÑÂÉè, 57 Rue d'Anjou, 75008 Paris, France",+33 6 58 38 15 22,,5
,Haig - Wedding Photographer Paris France,"Haig - Wedding Photographer Paris France, 35 Rue du Chemin Vert, 75011 Paris, France",+33 6 80 08 71 12,https://www.theyesday.com/,5
,Mon Conte de F√©es - Photographe de mariage,"Mon Conte de F√©es - Photographe de mariage, 39 Av. Puvis de Chavannes, 92400 Courbevoie, France",+33 6 31 74 31 50,http://www.moncontedefees.com/,
,Studio Pics - Jean-Emmanuel Perchet - Photographer Reporter Portrait Studio,"Studio Pics - Jean-Emmanuel Perchet - Photographer Reporter Portrait Studio, 19 Rue Jean Cousin, 89100 Soucy, France",+33 6 50 65 04 48,https://www.jeanemmanuel-perchet.fr/,5
,JCR Photographe & Vid√©aste,,+33 6 24 52 39 08,https://www.jcrwedding.fr/,5
,Philippe Martineau,"Philippe Martineau, 25 Rue Jean-Jacques Rousseau, 75001 Paris, France",+33 6 45 78 04 50,https://www.philippemartineau.com/,5
,Le Secret d'Audrey Photography,,+33 7 69 57 71 90,http://www.lesecretdaudrey.com/,5
,"Chlo√© Mansencal - Photographe Couples, Familles et Mariage",,+33 6 73 65 57 32,https://www.chloemansencal.com/,5
,Photo mariage,"Photo mariage, 5 Rue Sainte-Isaure, 75018 Paris, France",+33 6 08 06 85 83,,4
,Belle Mariage,,+33 7 81 90 24 79,https://www.bellemariage.fr/,5
,Photographe mariage 95 - SPC mariage,"Photographe mariage 95 - SPC mariage, Rue des Chauffours, 95000 Cergy, France",+33 9 50 60 14 58,,
,Photographe Mariage (Raffi-Mardirossian),,,https://www.photographe-mariage.net/,"4,5"
,Photographe √©v√©nementiel,"Photographe √©v√©nementiel, 17 Rue St Denis, 75001 Paris, France",+33 6 64 73 67 50,https://photographeparisevenementiel.wordpress.com/,5
,Vid√©o et photo Mariage,"Vid√©o et photo Mariage, 19 Rue de Saussure, 94000 Cr√©teil, France",+33 6 79 17 96 71,,5
,Joshua - Wedding Photographer Mauritius,"Joshua - Wedding Photographer Mauritius, 6 rue raymond radiguet Sarcelle, 95200 Paris, France",+230 5711 0463,,
,Alex MacDougald Photography | Photographe Mariage Fontainebleau - Seine et Marne,,,https://www.alexmacdougald.com/,5
,BACH photography,,,https://www.iambach.com/,5
,Photographe mariage mon mariage parfait,"Photographe mariage mon mariage parfait, 37 Av. Gustave Rodet, 93250 Villemomble, France",+33 1 84 68 03 20,https://www.monmariageparfait.net/,
,Kiara - Photographe Mariage Paris,,,https://kixra.co/mariage,5
,Elsa Daniel Photographe de mariage,,+33 6 59 42 18 58,https://elsadaniel.com/,5
,Photographe Mariage & Sport - NROLF Photography,,+33 6 23 47 94 61,,5
,Arie Photography - Photographe en France / Israel,,+972 58-765-9000,http://www.ariephotography.com/,5
,Paris Wedding Photographer,"Paris Wedding Photographer, 129 Bis Rue St Charles, 75015 Paris, France",+33 6 95 38 72 48,,5
,Hnphotography - Photographer Certified Professional,"Hnphotography - Photographer Certified Professional, 355 Grande Rue, 27310 Bourg-Achard, France",+33 2 49 88 35 33,https://www.hnphotographe-studio.com/,"4,9"
,Irina Gaudy Photographe mariage Dieppe,,+33 6 16 61 19 03,https://irinagaudy.com/,5
,RiaZhouÊ≥ïÂõΩÊëÑÂΩ± /RiaZhou photographer paris,"France, Chilly-Mazarin, Av. de l'√éle de France, RiaZhouÊ≥ïÂõΩÊëÑÂΩ± /RiaZhou photographer parisÈÇÆÊîøÁºñÁ†Å: 91380",+33 6 52 77 66 96,http://www.riazhou.net/,5
,Bruno Decuppe - Coz Photography,"Bruno Decuppe - Coz Photography, 34 Rue Albert Roussel, 60800 Cr√©py-en-Valois, France",+33 6 87 61 10 69,http://www.coz-photography.com/,5
,Crystal Mariage,,+33 6 51 43 84 26,https://www.crystalmariage.com/,"4,8"
,"Photographe professionnel : mariage, photographies d'architecture et corporate - Alexandre Moulard","Photographe professionnel : mariage, photographies d'architecture et corporate - Alexandre Moulard, 140 Rue St Charles, 75015 Paris, France",+33 6 89 15 33 82,https://alexandremoulard.com/,"4,5"
,STUDIO-PHOTOGRAPHE.COM,"STUDIO-PHOTOGRAPHE.COM, 2 Parc de Diane, 78350 Jouy-en-Josas, France",+33 7 62 13 33 60,https://www.studio-photographe.com/,"4,3"
,Pr√©mium Paris,"Pr√©mium Paris, 103 Rue de Paris, 93100 Montreuil, France",(949) 295-8647,http://www.premiumparis.com/,
,"Photographe Athis Mons Mariage, Bapt√™me, Portrait",,+33 7 89 98 56 51,http://www.events-prestige.com/,5
,Cyril Delage Photographe mariage,,+33 6 21 16 19 37,http://www.cyrildelage.com/,5
,Photographe et Cameraman,"Photographe et Cameraman, 42 Av. Montaigne, 75008 Paris, France",+33 6 10 16 03 79,http://www.mariez-vous.fr/,
,Lukino Mariage - Photographe Mariage,"Lukino Mariage - Photographe Mariage, 5 All. Gaston Bachelard, 77186 Noisiel, France",+33 6 28 63 37 51,https://lukinomariage.fr/,
,Vaikehu Shan - Photographe de mariage,,+689 89 56 27 87,,5
,AL PARTOUT - Photographe √† Paris I Portrait I Mariage I √âv√©nements,,+33 6 48 41 95 62,https://alpartout.com/,5
,Photo-Pro-Event,"Photo-Pro-Event, 34 Av. du G√©n√©ral Leclerc, 75014 Paris, France",+33 6 59 14 29 96,,5
,Laura Zorman Photography,,+33 6 10 60 93 44,https://www.zormanphotomariage.com/,"4,9"
,L'As de Coeur - Photo + Cin√©ma - Mariages,,+33 6 88 82 57 11,https://www.lasdecoeur.com/,5
,Photographe de mariage romantique,"Photographe de mariage romantique, 57 Av. Maurice Berteaux, 78500 Sartrouville, France",+33 1 84 67 14 42,,
,Soni G. Photographe,,+33 6 34 31 37 67,http://snyfoto.com/,5
,photographe mariage beauvais,"photographe mariage beauvais, 23 Rue du Moulin √Ä Vent, 60510 Bresles, France",+33 3 60 17 18 29,,
,mariage par drone,,+33 6 03 96 27 59,https://www.mariagepardrone.fr/,5
,"Photographe professionnel corporate, architecture et mariage - Alexandre Moulard","Photographe professionnel corporate, architecture et mariage - Alexandre Moulard, 35 Rue de Clichy, 75009 Paris, France",+33 6 89 15 33 82,https://alexandremoulard.com/,
,La Photo de Mariage,"La Photo de Mariage, 132 Rue de Choisy, 94400 Vitry-sur-Seine, France",+33 1 46 82 07 07,http://www.laphotodemariage.fr/,
,Blackstone Weddings,"Blackstone Weddings, 12 Rue des Chauffours Immeuble Ordinal, 95000 Cergy, France",+33 1 30 38 64 66,http://www.blackstone-weddings.com/,"4,1"
,Vic Wedding ch·ª•p h√¨nh c∆∞·ªõi Paris Ch√¢u √Çu,"Vic Wedding ch·ª•p h√¨nh c∆∞·ªõi Paris Ch√¢u √Çu, 5 Rue Audran, 94400 Vitry-sur-Seine, France",+33 6 59 48 11 76,http://vicwedding.net/,5
,WEBANDARTS - Photographe Mariage Yvelines - Visite Virtuelle l'immobilier - Paris - Trappes,,+33 7 66 53 73 69,https://www.webandartsphotography.fr/,
,photographe mariage paris france,,+33 6 81 88 08 72,http://www.photographe-mariage-paris-france.com/,
,MY LOVE PHOTO,"MY LOVE PHOTO, 41 Rue Beaubourg, 75003 Paris, France",+33 9 72 80 61 34,https://monamourparis.wixsite.com/mysite-2,"3,8"
,Paris Wedding Photographer - Rapha√´l Mercier,,+33 6 44 28 35 65,,5
,Mariage de France & Louis-Charles,"Mariage de France & Louis-Charles, 126 Rue Perronet, 92200 Neuilly-sur-Seine, France",+33 6 50 74 15 02,https://www.on-gele.com/contact,
,St√©phane Vu Photographe,"St√©phane Vu Photographe, 2 Rue Vercing√©torix, 94400 Vitry-sur-Seine, France",+33 6 63 15 19 24,https://www.lemariagequivousressemble.com/photoghraphe-de-mariage-professionnel-sur-paris-et-region/,
,Flash de joie photographe mariage Melun,,+33 1 84 67 13 80,,
,France Reportage,"France Reportage, 8 Rue Fran√ßois Laurent Gibon, 92220 Bagneux, France",+33 1 70 28 63 45,http://www.filmdemariage.fr/,
,Shoes Photography,,+33 6 59 26 45 05,https://shoes-photography.com/,5
,Photographe de mariage,"Photographe de mariage, 140 Rue Houdan, 92330 Sceaux, France",+33 1 42 53 60 91,http://www.filmdemariage.fr/,
,Wedding photographer Paris,"Wedding photographer Paris, 7 Rue du Buisson Saint-Louis, 75010 Paris, France",+33 6 63 47 29 43,http://www.paris-photographe-mariage.fr/,
,"Service Photo √† la Personne Photographe Mariage, Portrait √† domicile, Evenement","Service Photo √† la Personne Photographe Mariage, Portrait √† domicile, Evenement, 21 Rue Pierre Curie, 78330 Fontenay-le-Fleury, France",+33 1 34 60 29 08,,
,Photographe Cameraman Mariage Oriental Paris et r√©gion parisienne,,,,
,E A WEDDINGS FRANCE,"E A WEDDINGS FRANCE, 75015 Paris, France",+44 929 208 8444,http://www.eaweddings.com/,
,Photographe Mariage Prestige,,+33 6 95 50 05 06,,
,photographe mariage,,+33 1 39 67 96 97,,
,photographe mariage,,+33 6 64 15 95 52,,
,Cyril Delage Photographe mariage,,+33 6 21 16 19 37,http://cyrildelage.com/,
,Paris Mariage,,+33 6 24 87 29 86,,
,Mariage-NosBellesPhotos,,+33 6 19 19 78 56,https://www.mariage-nosbellesphotos.fr/,
,Mariage Moderne,,,,
,photographedemariagesurmesur,,+33 7 66 33 25 95,https://www.photosdemariages.fr/,1
,TheGuendels - Wedding photographer/videographer team based in Paris,,+33 6 51 71 72 96,https://theguendels.com/,5
,RG Studio Wedding,,+33 6 03 58 77 03,,
,Plaisir d'images Agence Photo-Vid√©o,"Plaisir d'images Agence Photo-Vid√©o, 35 Rue Saint-Antoine, 75004 Paris, France",+33 6 62 11 37 49,,5
,"Photographe √©v√®nementiel, reportage, portrait",,,http://www.jimmytristao.com/,
,Ouitelling I Wedding photo & video in France,,+33 6 19 16 12 54,https://ouitelling.wedding/,