name,address_full,phone_number,rating,clean_address,latitude,longitude
Code-Cuisine Le Traiteur Grand-Est,"58 Rue du Bearn, 54400 Cosnes-et-Romain, France",+33 3 57 10 01 14,4.9,"58 Rue du Bearn, 54400 Cosnes-et-Romain, France",49.519116059498444,5.710215397139216
Un Chef à la maison ! David Ciré TRAITEUR,"3 Impasse De Hayes, 57640 Vry, France",+33 6 10 11 75 51,4.9,"3 Impasse De Hayes, 57640 Vry, France",49.18581333573953,6.33261172552941
Espace Traiteur,"8 Rue Émile Gallé, 54940 Belleville, France",+33 6 13 66 88 56,4.9,"8 Rue Émile Gallé, 54940 Belleville, France",48.8172318,6.1057296
le Traiteur Pierre Mayer et Nisse,"3 Pl. du Marché au Blé, 57220 Boulay-Moselle, France",+33 7 82 15 33 00,4.9,"3 Pl. du Marché au Blé, 57220 Boulay-Moselle, France",49.183586500551286,6.495636812472658
Le Relais Gourmand,"13 Rue de la Moselotte, 54520 Laxou, France",+33 3 83 21 79 53,4.8,"13 Rue de la Moselotte, 54520 Laxou, France",48.6980465,6.1249103
MikaZ,"3 Rue des Vosges, 57400 Buhl-Lorraine, France",+33 6 77 17 31 37,4.8,"3 Rue des Vosges, 57400 Buhl-Lorraine, France",48.725998,7.087852
Les Gentlemen's évents Traiteur,"15 Rue du Stade, 88560 Saint-Maurice-sur-Moselle, France",+33 7 66 68 36 97,4.4,"15 Rue du Stade, 88560 Saint-Maurice-sur-Moselle, France",47.85438894961834,6.812535785880788
Arpèges et Saveurs Gourmandes du Grand-Est,"Imp. de l'Estournel, 54170 Allain, France",+33 6 12 91 53 21,3.8,"Imp. de l'Estournel, 54170 Allain, France",48.551262397866076,5.8952092274704
Vernois Traiteur,"32 Rue nationale, 57420 Verny, France",+33 3 87 52 41 42,4.7,"32 Rue nationale, 57420 Verny, France",49.005746,6.20445
Traiteur Da Vinci - Al Bosco,"1 All. de la Cité des Chalets, 57600 Forbach, France",+33 6 17 75 04 42,4.9,"1 All. de la Cité des Chalets, 57600 Forbach, France",49.18592290536467,6.8689150711693445
"Croustillance, traiteur & créateur de saveurs","10 Rue de l'Estrey, 88440 Nomexy, France",+33 6 84 26 45 63,4.8,"10 Rue de l'Estrey, 88440 Nomexy, France",48.309336,6.3809314
TRESSON TRAITEUR,"Rue de Pont-à-Mousson, 57000 Metz, France",+33 6 13 29 46 88,4.6,"Rue de Pont-à-Mousson, 57000 Metz, France",49.10592385500219,6.164016942908709
Le Goût et Vous,"52 Rue du Plan Incliné, 57405 Arzviller, France",+33 3 87 23 05 48,4.6,"52 Rue du Plan Incliné, 57405 Arzviller, France",48.72060205,7.167510871144473
DAN traiteur,"51b Rue de la Potence, 57360 Amnéville, France",+33 6 16 04 42 21,4.9,"51b Rue de la Potence, 57360 Amnéville, France",49.21887167287473,6.065307861514748
Cuisto 57,"68 Rue Principale, 57550 Falck, France",+33 6 80 37 99 18,4.6,"68 Rue Principale, 57550 Falck, France",49.2325244,6.6358417
Sam Régale Les Papilles,"9 Rue de Willermont, 54540 Pexonne, France",+33 6 20 08 62 66,5.0,"9 Rue de Willermont, 54540 Pexonne, France",48.4844523,6.8685314
La Toque Mosellane Traiteur,"99 Rue Principale, 57980 Diebling, France",+33 3 87 02 82 32,4.5,"99 Rue Principale, 57980 Diebling, France",49.11193,6.933646
EMD Traiteur,"5 Rue Haie le Bailly, 57530 Silly-sur-Nied, France",+33 3 87 64 06 26,4.9,"5 Rue Haie le Bailly, 57530 Silly-sur-Nied, France",49.120861,6.35617
Lorraine Réception,"12 Rue Robert Schuman, 54850 Messein, France",+33 3 83 20 81 40,4.8,"12 Rue Robert Schuman, 54850 Messein, France",48.609786,6.1692318
Eric traiteur Bratte,"5 Grande Rue, 54610 Bratte, France",+33 3 83 35 21 53,5.0,"5 Grande Rue, 54610 Bratte, France",48.813923032429415,6.215777340559481
PIERRE TRAITEUR,"52 Rue du Pont, 57980 Diebling, France",+33 6 72 28 27 88,5.0,"52 Rue du Pont, 57980 Diebling, France",49.10963534565523,6.931449365588511
Le Goût du Partage,"12 Rue du Château, 54850 Messein, France",+33 7 56 92 72 65,5.0,"12 Rue du Château, 54850 Messein, France",48.611827,6.1402877
Les plats de gaia,"2 ter Rue des Meix, 54420 Cerville, France",+33 6 69 21 63 08,5.0,"2 ter Rue des Meix, 54420 Cerville, France",48.6971836,6.314378
Le tailleur du goût,"4 Bcle du Château, 57100 Manom, France",+33 6 87 62 74 78,5.0,"4 Bcle du Château, 57100 Manom, France",49.3835088,6.1664
Crazy Cook Catering,"12 Grand Rue, 67490 Gottesheim, France",+33 3 88 02 81 46,4.7,"12 Grand Rue, 67490 Gottesheim, France",48.7737692,7.4793181
Eric Traiteur,"13 Rue de Morville, 54700 Port-sur-Seille, France",+33 6 25 48 80 18,4.6,"13 Rue de Morville, 54700 Port-sur-Seille, France",48.905659645321705,6.160836902618135
TRAITEUR HENRI,"12 Rue des Ormes, 57200 Sarreguemines, France",+33 3 87 26 32 57,4.7,"12 Rue des Ormes, 57200 Sarreguemines, France",49.117022,7.086413
Le Traiteur Des Varennes,"8 Rue des Varennes, 52300 Osne-le-Val, France",+33 3 25 07 60 87,4.8,"8 Rue des Varennes, 52300 Osne-le-Val, France",48.495799566339805,5.189950707907211
"Traiteur Nancy ""LG Création","61 Rue Jules Ferry, 54110 Varangéville, France",+33 3 83 45 40 47,4.6,"61 Rue Jules Ferry, 54110 Varangéville, France",48.6350559,6.3214829
L'Art'Home Des Saveurs Traiteur,"7 Rue des Mésanges, 54115 Lalœuf, France",+33 6 74 94 73 40,4.9,"7 Rue des Mésanges, 54115 Lalœuf, France",48.4583751,6.0175367
Agapes Traiteur - Nancy & Toul,"Lotissement de Préville, 54840 Bois-de-Haye, France",+33 3 83 28 75 42,4.5,"Lotissement de Préville, 54840 Bois-de-Haye, France",48.69234784146032,6.034641800411967
Artisan Traiteur Didier Rigoni,"29 Rue Saint-Laurent, 57310 Bertrange, France",+33 3 82 50 84 64,4.2,"29 Rue Saint-Laurent, 57310 Bertrange, France",49.313533,6.195289
Paganis traiteur,"419 Rue Gustave Eiffel, 54710 Ludres, France",+33 3 83 48 66 42,4.8,"419 Rue Gustave Eiffel, 54710 Ludres, France",48.61027932528257,6.192535433613323
"L'échoppe traiteur de Laurent Meilleur Ouvrier de France, 1minute10 les casiers par l'echoppe","131 Av. Foch, 54270 Essey-lès-Nancy, France",+33 7 81 61 17 62,4.7,"131 Av. Foch, 54270 Essey-lès-Nancy, France",48.7051315,6.2284883
Fresh Traiteur Nancy,"413 Av. de Boufflers, 54520 Laxou, France",+33 7 86 11 24 97,4.4,"413 Av. de Boufflers, 54520 Laxou, France",48.69364917239655,6.136588547086927
Au panier gourmand,"31 Rue de la Libération, 57450 Henriville, France",+33 6 67 44 95 25,4.2,"31 Rue de la Libération, 57450 Henriville, France",49.09422508172994,6.8516696450506815
Toque Mosellane La,"100 Rue nationale, 57910 Hambach, France",+33 3 87 02 82 32,4.1,"100 Rue nationale, 57910 Hambach, France",49.061566,7.036774
A LA CARTE TRAITEUR & RESTAURANT - HALAL,"14 Rue de Verdun, 57700 Hayange, France",+33 3 74 47 28 72,4.9,"14 Rue de Verdun, 57700 Hayange, France",49.329105,6.060082
Cook N Roll Traiteur,"12 Rue de l'Hôtel de ville, 54240 Jœuf, France",+33 3 82 33 26 19,4.4,"12 Rue de l'Hôtel de ville, 54240 Jœuf, France",49.22776184531036,6.006198967733766
Cuisine Vraie,"8 Gr Grande Rue, 88700 Romont, France",+33 6 32 83 20 63,5.0,"8 Gr Grande Rue, 88700 Romont, France",48.356846011128646,6.589047673251225
Dom Traiteur Saveurs et gourmandises à Louvemont,"6 Rue du Four, 52130 Louvemont, France",+33 6 40 06 61 92,5.0,"6 Rue du Four, 52130 Louvemont, France",48.55212771057416,4.910717088241436
Nourit Delicatessen,"6 Rue Mazelle, 57000 Metz, France",+33 6 22 34 29 61,5.0,"6 Rue Mazelle, 57000 Metz, France",49.11773815,6.180479198549946
Maison Magira,"32 Rue de la Tête d'Or, 57000 Metz, France",+33 3 87 75 30 60,4.5,"32 Rue de la Tête d'Or, 57000 Metz, France",49.11715705,6.177721511428046
Julien Traiteur,"16 Rue Pasteur, 57570 Puttelange-lès-Thionville, France",+33 6 68 38 98 38,5.0,"16 Rue Pasteur, 57570 Puttelange-lès-Thionville, France",49.485157,6.261291
Lefort Traiteur,"14 Rue Basse des Fossés, 55300 Saint-Mihiel, France",+33 3 29 70 79 18,4.7,"14 Rue Basse des Fossés, 55300 Saint-Mihiel, France",48.89145851245233,5.541757429013245
Rose delice,"31 Rue de Salm, 54280 Seichamps, France",+33 7 82 39 54 15,4.7,"31 Rue de Salm, 54280 Seichamps, France",48.714284,6.2645442
"prestige de chef , amour et delice","162 Rue d'Alsace, 88100 Saint-Dié-des-Vosges, France",+33 6 60 21 48 59,4.7,"162 Rue d'Alsace, 88100 Saint-Dié-des-Vosges, France",48.2750568,6.9651887
La p'tite pause créole - FOOD TRUCK TRAITEUR CREOLE,"27 Rue d'Alsace, 54110 Varangéville, France",+33 6 51 72 07 56,4.8,"27 Rue d'Alsace, 54110 Varangéville, France",48.6321269,6.3274256
Milleetunplats,"204 Av. de Colmar, 67100 Strasbourg, France",+33 6 71 37 43 63,5.0,"204 Av. de Colmar, 67100 Strasbourg, France",48.5572276,7.7472929
Les Fermiers D'ici,"10 Av. des Érables, 54180 Houdemont, France",+33 3 72 47 23 00,5.0,"10 Av. des Érables, 54180 Houdemont, France",48.6439797,6.1871511
Lorraine Réception,"4 Rue Marconi, 57070 Metz, France",+33 3 87 20 41 96,4.4,"4 Rue Marconi, 57070 Metz, France",49.100812000000005,6.215765609037533
LE PALAIS DES GOURMANDS,"13 Grande Rue, 54290 Bayon, France",+33 6 27 49 11 75,4.9,"13 Grande Rue, 54290 Bayon, France",48.47547384350629,6.314262264009343
Reinhardt Philippe - Le Palais Gourmand - Charcutier Traiteur,"62 Grand Rue, 57400 Sarrebourg, France",+33 3 87 03 12 25,4.8,"62 Grand Rue, 57400 Sarrebourg, France",48.7345091,7.0551907
Kieffer traiteur,"1 All. du Château de Sury, 67550 Vendenheim, France",+33 3 88 83 45 45,4.5,"1 All. du Château de Sury, 67550 Vendenheim, France",48.67451210590215,7.720052988786896
CUISIN STUDIO,"11 Rue du Cercle, 67960 Entzheim, France",+33 6 81 06 29 64,5.0,"11 Rue du Cercle, 67960 Entzheim, France",48.5339173,7.6356575
Couscous Lella Nancy | Traiteur,"18 Rue Pierre Chalnot, 54000 Nancy, France",+33 7 81 81 42 27,4.9,"18 Rue Pierre Chalnot, 54000 Nancy, France",48.6851817,6.1733903
Traiteur Jerôme,"27 Rue de Wittisheim, 67600 Muttersholtz, France",+33 6 64 77 47 56,3.8,"27 Rue de Wittisheim, 67600 Muttersholtz, France",48.2668755,7.5379905
Traiteur Chez Soi,"26 Rue de l'Ardèche, 67100 Strasbourg, France",+33 3 88 40 01 96,4.1,"26 Rue de l'Ardèche, 67100 Strasbourg, France",48.5538725,7.7372927
La Maison Créole,"3 place de Gascogne, 57420 Solgne, France",+33 7 66 87 57 04,4.9,"3 place de Gascogne, 57420 Solgne, France",48.964782,6.29602
L'Artisan Gourmand,"30 Rte de Sarrebruck, 57530 Silly-sur-Nied, France",+33 6 83 16 93 23,5.0,"30 Rte de Sarrebruck, 57530 Silly-sur-Nied, France",49.1137227,6.3513849
Reinhardt Traiteur,"Zone artisanale, 57400 Sarrebourg, France",+33 3 87 03 44 64,5.0,"Zone artisanale, 57400 Sarrebourg, France",48.740923050000006,7.0822962794071085
Guilleminot Charcuterie Traiteur,"28 Rue Jean Jaurès, 10500 Brienne-le-Château, France",+33 3 25 92 80 14,4.6,"28 Rue Jean Jaurès, 10500 Brienne-le-Château, France",48.3953642,4.523914950750238
Etienne Traiteur / Le Coq Cervois,"73 Av. de Metz, 54320 Maxéville, France",+33 6 52 38 11 46,5.0,"73 Av. de Metz, 54320 Maxéville, France",48.711158,6.1675027
Les 3 L boucher traiteur halal,"13 Rue de Mon Désert, 54000 Nancy, France",+33 3 83 28 46 04,4.9,"13 Rue de Mon Désert, 54000 Nancy, France",48.6844287,6.1786233
Banh Bao Augny,"7 All. des Tilleuls, 57130 Jouy-aux-Arches, France",+33 6 72 12 08 05,4.2,"7 All. des Tilleuls, 57130 Jouy-aux-Arches, France",49.073493,6.101843885452463
M. Buffet Hervé,"16 Rue de l'Agriculture, 08400 Vouziers, France",+33 3 24 71 90 43,4.4,"16 Rue de l'Agriculture, 08400 Vouziers, France",49.3984708,4.6938008
Gilbin Traiteur Verdun,"2 Rue Charles Delvert, 55100 Verdun, France",+33 3 72 92 96 60,3.8,"2 Rue Charles Delvert, 55100 Verdun, France",49.1480889,5.4118208
Le Soleïade,"10 Rue de France, 55130 Demange-Baudignécourt, France",+33 3 29 92 01 19,4.9,"10 Rue de France, 55130 Demange-Baudignécourt, France",48.5697327,5.4615006
Boucherie-Charcuterie-Traiteur D-G,"31 Grand Rue, 57400 Sarrebourg, France",+33 3 54 83 13 81,4.8,"31 Grand Rue, 57400 Sarrebourg, France",48.7346075,7.0533744
Bugara Cedric,"10 Rue de la Roche, 88700 Bazien, France",+33 6 26 21 63 87,5.0,"10 Rue de la Roche, 88700 Bazien, France",48.411281,6.6791926
Morel,"8 Rue de la Verrerie, 55000 Fains-Véel, France",+33 3 29 79 00 91,4.2,"8 Rue de la Verrerie, 55000 Fains-Véel, France",48.79614,5.1224714
"Domaine, Restaurant & Traiteur M | Mariage & Réception Privée en Alsace, Lorraine, Bas Rhin, Moselle","9 Pl. Charles de Gaulle, 57565 Niderviller, France",+33 3 87 07 37 99,4.7,"9 Pl. Charles de Gaulle, 57565 Niderviller, France",48.712372178508076,7.107598119063225
Boucherie charcuterie traiteur Grandjean,"244 Av. du Général Leclerc, 54000 Nancy, France",+33 3 83 56 62 34,4.8,"244 Av. du Général Leclerc, 54000 Nancy, France",48.6724662,6.1728257
Steffen Traiteur,"8 Rte d'Arlon, 8410 Steinfort, Luxembourg",+352 39 96 50 300,4.5,"8 Rte d'Arlon, 8410 Steinfort, Luxembourg",49.65926555,5.91275205
The Chic'n,"2 B Imp. des Jardins, 54290 Crévéchamps, France",+33 7 66 37 19 12,5.0,"2 B Imp. des Jardins, 54290 Crévéchamps, France",48.52413921962616,6.2654470007173435
Gourmandises & Cie,"39 Rue du Mont, 54134 Ceintrey, France",+33 6 37 64 38 91,5.0,"39 Rue du Mont, 54134 Ceintrey, France",48.5258202,6.167226
La Petite Suisse - Bar / Restaurant / Traiteur,"98 Rue nationale, 57230 Éguelshardt, France",+33 3 87 06 15 33,4.4,"98 Rue nationale, 57230 Éguelshardt, France",49.0046557,7.50324040069633
Boucherie Charcuterie Traiteur Iller,"43 Rte de Dachstein, 67120 Molsheim, France",+33 3 90 40 96 88,4.3,"43 Rte de Dachstein, 67120 Molsheim, France",48.5446081,7.5073315
Sarl la Fourchette Du Mineur,"79 Rue Clemenceau, 57440 Algrange, France",+33 3 82 84 31 17,4.1,"79 Rue Clemenceau, 57440 Algrange, France",49.356657,6.046592
Made In Lebanon,"5 Rue Gabriel Péri, 54110 Varangéville, France",+33 7 71 71 44 22,4.9,"5 Rue Gabriel Péri, 54110 Varangéville, France",48.636429624738916,6.312802235299079
LE GAIGNE CHEZ VOUS,"19 Rue Saint-Léon, 54115 Fécocourt, France",+33 6 14 74 03 92,5.0,"19 Rue Saint-Léon, 54115 Fécocourt, France",48.4024724,6.0048392
Boucherie Charcuterie Traiteur Haas,"10 Rue des Martyrs de la Résistance, 57950 Montigny-lès-Metz, France",+33 3 87 63 94 07,4.4,"10 Rue des Martyrs de la Résistance, 57950 Montigny-lès-Metz, France",49.1001353,6.1543703
Petit Fermier Traiteur,"139 Rue des Arts, 59100 Roubaix, France",+33 3 20 43 91 20,4.9,"139 Rue des Arts, 59100 Roubaix, France",50.6896132,3.1628028
Saveurs et Chef traiteur,"1 Rue De Thouart, 59242 Cappelle-en-Pévèle, France",+33 6 87 59 75 58,4.9,"1 Rue De Thouart, 59242 Cappelle-en-Pévèle, France",50.49889715382246,3.1626971059978457
La Pôelée Gourmande,"3 Rue Jacques Duclos, 62680 Méricourt, France",+33 6 81 67 89 35,4.6,"3 Rue Jacques Duclos, 62680 Méricourt, France",50.408045,2.885042
Les délices de Stéphane,"79 Rue Arthur Lamendin, 62430 Sallaumines, France",+33 6 50 83 86 45,4.9,"79 Rue Arthur Lamendin, 62430 Sallaumines, France",50.421281871169846,2.857216712798968
Délice réception traiteur mariage Nord Pas de Calais,"28 Rue des Laboureurs, 62880 Estevelles, France",+33 6 03 04 49 57,4.9,"28 Rue des Laboureurs, 62880 Estevelles, France",50.47887247428119,2.9094617098400213
Bonsigne,"121 Rue Chanzy, 59800 Lille, France",+33 3 66 76 98 60,4.9,"121 Rue Chanzy, 59800 Lille, France",50.6242017,3.0959063
Olivier Traiteur,"17 Rue Jules Ferry, 59252 Marquette-en-Ostrevant, France",+33 3 27 33 53 79,4.7,"17 Rue Jules Ferry, 59252 Marquette-en-Ostrevant, France",50.28750659287126,3.2690056915709835
Traiteur La poêle du batelier,"Rue Gauthier, 59400 Cambrai, France",+33 6 69 28 66 30,4.9,"Rue Gauthier, 59400 Cambrai, France",50.15922620840396,3.263925586812692
Lebrun Traiteur,"197 F Rue du Général Koenig, 59136 Wavrin, France",+33 3 20 58 81 92,4.7,"197 F Rue du Général Koenig, 59136 Wavrin, France",50.56686839914857,2.9292143660337167
My Traiteur,"34 Rue Joseph Dollet, 59277 Rieux-en-Cambrésis, France",+33 6 66 30 01 24,5.0,"34 Rue Joseph Dollet, 59277 Rieux-en-Cambrésis, France",50.204268656712934,3.349843876524262
La Ch'tite Cuisine d'Angèle - Traiteur et plats à emporter,"305 Rue de la Chapelle, 62890 Recques-sur-Hem, France",+33 6 17 01 23 57,5.0,"305 Rue de la Chapelle, 62890 Recques-sur-Hem, France",50.84600408587321,2.1047266361328387
Du Soleil dans la Cuisine Lille,"27 Rue Félix Faure, 59520 Marquette-lez-Lille, France",+33 6 06 93 04 09,4.8,"27 Rue Félix Faure, 59520 Marquette-lez-Lille, France",50.6693414,3.0563439
A la fine bouche,"6 Av. de l'Hermitage, 62223 Saint-Laurent-Blangy, France",+33 3 21 71 34 29,4.6,"6 Av. de l'Hermitage, 62223 Saint-Laurent-Blangy, France",50.29721586456971,2.8095786768963356
AG TRAITEUR ET EVENEMENTS,"37b Rue de Faches, 59175 Vendeville, France",+33 6 59 91 87 17,5.0,"37b Rue de Faches, 59175 Vendeville, France",50.57778949726164,3.077850103412951
Traiteur Depret,"343 Rue nationale, 62290 Nœux-les-Mines, France",+33 3 21 26 38 36,4.5,"343 Rue nationale, 62290 Nœux-les-Mines, France",50.472853710906776,2.668095569626731
Vanheule Stéphane - Les Salons de l'Ostrevent,"16 Rue de Vitry, 62490 Sailly-en-Ostrevent, France",+33 3 21 24 27 35,4.7,"16 Rue de Vitry, 62490 Sailly-en-Ostrevent, France",50.29839647893971,2.99375265738594
TRAITEUR LA FOLLE BOUCHEE,"12 Rue de l'Église, 59230 Saint-Amand-les-Eaux, France",+33 3 27 14 57 45,4.6,"12 Rue de l'Église, 59230 Saint-Amand-les-Eaux, France",50.44663915205525,3.430678453278103
Ô Brio Des Saveurs,"79 Rue Jean de la Fontaine, 59880 Saint-Saulve, France",+33 6 17 97 96 69,5.0,"79 Rue Jean de la Fontaine, 59880 Saint-Saulve, France",50.3718851522036,3.564977834221654
Mes Petites Gourmandy's,"46 Rue du Général Leclerc, 59480 La Bassée, France",+33 7 81 96 28 51,4.3,"46 Rue du Général Leclerc, 59480 La Bassée, France",50.53215210997933,2.809473106954868
La Compagnie de Charlie,"25 Bd de Mulhouse, 59100 Roubaix, France",+33 7 62 58 30 71,4.9,"25 Bd de Mulhouse, 59100 Roubaix, France",50.684479,3.192168
Deletrez Traiteur (Eurl),"29 Rue du Pont, 62117 Brebières, France",+33 3 21 50 15 54,4.5,"29 Rue du Pont, 62117 Brebières, France",50.33617561433688,3.0222962445305472
Traiteur Chez Vous,"Pl. Jean Jaurès, 59187 Dechy, France",+33 3 27 99 02 96,4.7,"Pl. Jean Jaurès, 59187 Dechy, France",50.3531561,3.1259036712853305
Tout en Transparence,"21 Rue de Calais, 62500 Saint-Martin-lez-Tatinghem, France",+33 3 21 11 39 89,4.9,"21 Rue de Calais, 62500 Saint-Martin-lez-Tatinghem, France",50.76063015312783,2.227371297696396
Traiteur Le Filet Mignon - Organisateur de mariages- Méchoui,"5 Rue Victor Hugo, 62800 Liévin, France",+33 6 09 78 32 08,4.6,"5 Rue Victor Hugo, 62800 Liévin, France",50.42005680114637,2.7798005520164955
France Evénement,"21 Rue du Bas chemin, 59560 Comines, France",+33 3 20 21 85 87,4.6,"21 Rue du Bas chemin, 59560 Comines, France",50.76503290819529,3.010015972977137
Dherin Traiteur,"84 Rue Patoux, 59580 Aniche, France",+33 3 27 92 51 25,4.8,"84 Rue Patoux, 59580 Aniche, France",50.33043061301622,3.246998287707394
Traiteur Mendoza Francois,"7 a Rue Jules Guesde, 59146 Pecquencourt, France",+33 6 76 91 34 38,4.9,"7 a Rue Jules Guesde, 59146 Pecquencourt, France",50.38069613831889,3.2201573608861187
Maison Lecocq,"37 Av. Henri Delecroix, 59510 Hem, France",+33 3 20 69 09 59,4.6,"37 Av. Henri Delecroix, 59510 Hem, France",50.64539058609097,3.1948572107534043
Les poêlées de Pépé Nord,"46 Rue John Whitley, 62360 Condette, France",+33 6 58 37 15 17,4.7,"46 Rue John Whitley, 62360 Condette, France",50.65158608731406,1.6351330771432742
Chaleur Tournante (ex Les Cookies à Cléry),"8 Rue de la Distillerie, 59650 Villeneuve-d'Ascq, France",+33 6 98 92 14 19,5.0,"8 Rue de la Distillerie, 59650 Villeneuve-d'Ascq, France",50.6082741,3.1676079
Les p'tits plats de kelly,"316 Imp. du Pacault, 62136 Lestrem, France",+33 7 88 08 67 65,5.0,"316 Imp. du Pacault, 62136 Lestrem, France",50.60707748968702,2.6372344901580003
A Croquer - Artisan Traiteur,"31 Rue Jean Jaurès, 62880 Vendin-le-Vieil, France",+33 6 56 78 43 86,4.8,"31 Rue Jean Jaurès, 62880 Vendin-le-Vieil, France",50.47533896262493,2.8670532701974047
LC Traiteur,"226 Rue Roger Salengro, 59286 Raimbeaucourt, France",+33 6 86 51 32 05,4.6,"226 Rue Roger Salengro, 59286 Raimbeaucourt, France",50.436367972799125,3.0948009385050996
Stéphanie Bultel Traiteur,"66 Rue Principale, 62560 Avroult, France",+33 3 21 98 64 32,4.8,"66 Rue Principale, 62560 Avroult, France",50.63717645985704,2.1517248200112244
NR TRAITEUR,"Bd de Lille, 59560 Comines, France",+33 6 26 28 31 20,4.8,"Bd de Lille, 59560 Comines, France",50.747511776050246,3.0091114056094614
La Bonne Franquette,"154 Rue de la Lys, 59250 Halluin, France",+33 3 20 23 89 98,4.6,"154 Rue de la Lys, 59250 Halluin, France",50.78257299131184,3.108858817906515
Traiteur Glavieux,"2 Rte d'Arras, 62320 Rouvroy, France",+33 6 23 78 38 73,4.4,"2 Rte d'Arras, 62320 Rouvroy, France",50.39164890925994,2.9230064540639717
Gourmet Traiteur,"41 Rue Terdeghem, 59520 Marquette-lez-Lille, France",+33 3 62 27 98 29,5.0,"41 Rue Terdeghem, 59520 Marquette-lez-Lille, France",50.666656,3.043485
Florent Porcq Traiteur,"9 Av. des Peupliers, 62840 Laventie, France",+33 6 10 36 12 09,4.9,"9 Av. des Peupliers, 62840 Laventie, France",50.620233578668866,2.7676327255240296
Goûts et Découvertes,"17 Rue Corneille, 59370 Mons-en-Barœul, France",+33 6 23 51 16 83,5.0,"17 Rue Corneille, 59370 Mons-en-Barœul, France",50.63690974655923,3.117193224832783
FC Créateurs de Saveurs - traiteur,"65 Rue d'Arras, 62500 Saint-Omer, France",+33 3 21 38 22 98,4.8,"65 Rue d'Arras, 62500 Saint-Omer, France",50.7457148,2.2583
Culin'R Traiteur,"844 Av. d'Etaples, 62780 Cucq, France",+33 3 21 09 88 32,5.0,"844 Av. d'Etaples, 62780 Cucq, France",50.50531308724231,1.625339865114456
Davaine David,"35 Rue de la Cloris, 59500 Douai, France",+33 3 27 88 75 38,4.6,"35 Rue de la Cloris, 59500 Douai, France",50.3689923,3.0780242
Toque Et Popote,"61 Rue du Calvaire, 59510 Hem, France",+33 6 79 14 85 28,4.8,"61 Rue du Calvaire, 59510 Hem, France",50.6494072,3.1940879552639485
6ESENS | Traiteur Haut de Gamme & Luxe | Paris,"28 Rue de Chambéry, 75015 Paris, France",+33 1 80 91 61 81,5.0,"28 Rue de Chambéry, 75015 Paris, France",48.8305658,2.3028577
Le Margouillat Vert Traiteur & Catering,"9 Rue Rosa Parks, 62300 Lens, France",+33 3 21 70 22 63,5.0,"9 Rue Rosa Parks, 62300 Lens, France",50.42403855,2.8083610425210086
Le Taigneville,"62 Rte nationale, 62980 Vermelles, France",+33 9 54 27 20 92,4.7,"62 Rte nationale, 62980 Vermelles, France",50.47526690438195,2.742167217961581
Traiteur Yohann Vanhove,"40 Rue Saint-Georges, 59400 Cambrai, France",+33 6 59 70 98 18,4.9,"40 Rue Saint-Georges, 59400 Cambrai, France",50.1707207,3.2352315
BOUCHERIE CHARCUTERIE TRAITEUR MENU,"17 Rue Albert Lagache, 59310 Landas, France",+33 3 20 61 59 21,4.8,"17 Rue Albert Lagache, 59310 Landas, France",50.47339850855752,3.302000267460347
"OSCAR (Traiteur, Boucherie, Charcuterie)","37 Rue Abbé Desplanques, 59130 Lambersart, France",+33 3 20 92 24 56,4.7,"37 Rue Abbé Desplanques, 59130 Lambersart, France",50.6397971,3.0227347
André Desmis Traiteur,"25 Rue Saint-Jacques, 59270 Bailleul, France",+33 3 28 42 76 40,4.7,"25 Rue Saint-Jacques, 59270 Bailleul, France",50.73802840175072,2.7341868570870917
PLATEAUX GOURMANDS,"48 Rue de l'Église, 59700 Marcq-en-Barœul, France",+33 6 05 91 41 36,5.0,"48 Rue de l'Église, 59700 Marcq-en-Barœul, France",50.66533095624062,3.0744172011594153
Traiteur José Dupuich & Salons Alexis,"1337 Rue de l'Estrée, 59280 Bois-Grenier, France",+33 6 99 57 30 00,4.5,"1337 Rue de l'Estrée, 59280 Bois-Grenier, France",50.65537853515056,2.8508062282436417
YANKA Traiteur,"29 Rue Victor Tilmant, 59000 Lille, France",+33 3 28 55 39 55,4.5,"29 Rue Victor Tilmant, 59000 Lille, France",50.6080629,3.0550501
L'Atelier de Fred traiteur - Rotisseur,"1780 Rte Nationale, 59930 La Chapelle-d'Armentières, France",+33 3 20 48 81 18,4.2,"1780 Rte Nationale, 59930 La Chapelle-d'Armentières, France",50.65951670250689,2.9280103198237217
VincenTraiteur,"1 Pl. Jules Leriche, 62380 Lumbres, France",+33 6 63 86 97 27,4.3,"1 Pl. Jules Leriche, 62380 Lumbres, France",50.70450361805,2.1229965073327874
Pause DEJ' Traiteur,"7 Rue Benjamin Franklin, 62880 Vendin-le-Vieil, France",+33 6 58 21 60 07,4.5,"7 Rue Benjamin Franklin, 62880 Vendin-le-Vieil, France",50.47019524822489,2.86112127262242
Les Box Gourmandes - Traiteur Buffet mignardises & Planche Tapas,"56 Rue d'Isly, 59000 Lille, France",+33 7 67 15 81 95,4.5,"56 Rue d'Isly, 59000 Lille, France",50.6243597,3.0382444
CASSIOPA Traiteur-Scénariste,"Rue du Pont Gave, 62840 Fleurbaix, France",+33 3 21 61 91 51,4.3,"Rue du Pont Gave, 62840 Fleurbaix, France",50.640841955369666,2.824462055893113
Mihout Traiteur,"6 Rue du Grand Chemin, 62199 Gosnay, France",+33 3 21 53 64 76,4.9,"6 Rue du Grand Chemin, 62199 Gosnay, France",50.5076324,2.585513
La suite du pré,"179 Av. Jean Jaurès, 62800 Liévin, France",+33 6 42 43 21 76,4.8,"179 Av. Jean Jaurès, 62800 Liévin, France",50.42421579122778,2.789229743768461
Nathalie Passion Saveurs,"435 Rue André Plockyn, 59173 Blaringhem, France",+33 6 16 47 39 28,4.7,"435 Rue André Plockyn, 59173 Blaringhem, France",50.6904091,2.3978677
Kelt Events,"21 Rue Léon Gambetta, 59155 Faches-Thumesnil, France",+33 6 52 93 60 01,5.0,"21 Rue Léon Gambetta, 59155 Faches-Thumesnil, France",50.6091873,3.0640749
La Gourmandière,"1036 Rue Jean Jaurès, 59156 Lourches, France",+33 3 27 31 62 31,4.2,"1036 Rue Jean Jaurès, 59156 Lourches, France",50.31737649184807,3.363841078038745
La Casa Traiteur,"5 Rue Narcisse Houque, 62160 Bully-les-Mines, France",+33 6 79 97 61 15,4.9,"5 Rue Narcisse Houque, 62160 Bully-les-Mines, France",50.46014637701103,2.7103962086072064
François Traiteur,"95 Rue de Lille, 59300 Valenciennes, France",+33 3 27 46 20 51,4.3,"95 Rue de Lille, 59300 Valenciennes, France",50.3613134,3.5226108
Maison Davaine (Distributeur 24/24 Plats préparés Traiteur),"338 Rue Francisco Ferrer, 59286 Roost-Warendin, France",+33 3 27 88 75 38,4.3,"338 Rue Francisco Ferrer, 59286 Roost-Warendin, France",50.40952645,3.1090016499999997
Rest'Home Valenciennes,"Av. de Verdun, 59300 Valenciennes, France",+33 6 89 07 79 53,5.0,"Av. de Verdun, 59300 Valenciennes, France",50.352846517980865,3.534241805585375
Label Réception,"95 Rue Victor Hugo, 59192 Beuvrages, France",+33 6 61 28 94 26,4.5,"95 Rue Victor Hugo, 59192 Beuvrages, France",50.393794446599195,3.506383073976039
Domicile Traiteur,"38 Rue Augustin Delattre, 59680 Ferrière-la-Grande, France",+33 6 35 32 41 24,5.0,"38 Rue Augustin Delattre, 59680 Ferrière-la-Grande, France",50.26163302653681,3.99596177913492
Traiteur Lepolard Julien,"4 Rue du Château, 59218 Poix-du-Nord, France",+33 6 72 76 83 87,4.9,"4 Rue du Château, 59218 Poix-du-Nord, France",50.185508056525116,3.613660166432708
Dish Said Wines Chef Isabelle Bougamont,"23 All. des Coteaux, 59300 Valenciennes, France",+33 6 84 97 00 25,5.0,"23 All. des Coteaux, 59300 Valenciennes, France",50.348980755632184,3.4998329940129786
Maison Sabatier : votre artisan traiteur,"47 Bd Emile Basly, 62300 Lens, France",+33 3 66 23 92 37,4.3,"47 Bd Emile Basly, 62300 Lens, France",50.429988,2.825638
Butterfly Traiteur,"50 Rue Roger Salengro, 59110 La Madeleine, France",+33 3 66 72 95 79,4.0,"50 Rue Roger Salengro, 59110 La Madeleine, France",50.6554464,3.0622051
FoodForYou - Service Traiteur et Evénementiel,"Rue du Vieux Château, 62220 Carvin, France",+33 3 21 79 65 65,4.8,"Rue du Vieux Château, 62220 Carvin, France",50.48416454135689,2.961180184918158
Michel Sauvage Artisan Cuisinier Traiteur,"33 Rue d'Arras, 62123 Berneville, France",+33 6 22 98 23 77,4.7,"33 Rue d'Arras, 62123 Berneville, France",50.266349682408425,2.6743119844740897
Chez Néné,"200 Rte de la Bassée, 62300 Lens, France",+33 6 20 21 63 24,4.2,"200 Rte de la Bassée, 62300 Lens, France",50.445294,2.819452
La Poele du Cuistot,"23 Pl. Louis Lebel, 62130 Saint-Pol-sur-Ternoise, France",+33 6 51 32 32 47,4.7,"23 Pl. Louis Lebel, 62130 Saint-Pol-sur-Ternoise, France",50.38214545377972,2.3352932760360043
Miss Cuisine Traiteur,"Rue des Collets, 59110 La Madeleine, France",+33 3 74 09 20 86,4.3,"Rue des Collets, 59110 La Madeleine, France",50.65491955145077,3.06384373000605
Petit Fermier,"79 Rue Saint-Sébastien, 59000 Lille, France",+33 3 20 19 27 99,4.7,"79 Rue Saint-Sébastien, 59000 Lille, France",50.6470793,3.0579998
La Flinoiserie,"85B Rue Gustave Delory, 59810 Lesquin, France",+33 6 42 05 01 95,4.9,"85B Rue Gustave Delory, 59810 Lesquin, France",50.58701311727837,3.103129281195137
Nord Aisne traiteur,"2 Pl. de l'Église, 02500 Luzoir, France",+33 3 60 73 81 74,4.6,"2 Pl. de l'Église, 02500 Luzoir, France",49.925283456820495,3.9625746319248223
TRAITEUR 62,"239 Rue Montpencher, 62110 Hénin-Beaumont, France",+33 6 03 99 35 72,4.6,"239 Rue Montpencher, 62110 Hénin-Beaumont, France",50.4224955,2.948035
Marette Traiteur,"12 Rue de Wicardenne, 62280 Saint-Martin-Boulogne, France",+33 3 21 31 68 53,4.5,"12 Rue de Wicardenne, 62280 Saint-Martin-Boulogne, France",50.7300921,1.6264475
La box dinatoire,"160 Rue nationale, 62290 Nœux-les-Mines, France",+33 9 81 13 11 65,4.6,"160 Rue nationale, 62290 Nœux-les-Mines, France",50.472853710906776,2.668095569626731
Au Faubourg,"30 Rue du Faubourg de Béthune, 59000 Lille, France",+33 3 20 07 93 00,4.7,"30 Rue du Faubourg de Béthune, 59000 Lille, France",50.6178572,3.0279163
Maison Davaine (Distributeur 24/24 Plats préparés Traiteur),"Rue du Faubourg d'Arras, 59552 Lambres-Lez-Douai, France",+33 3 27 88 75 38,4.3,"Rue du Faubourg d'Arras, 59552 Lambres-Lez-Douai, France",50.36260696304252,3.0670116906882074
Lille Métropole Traiteur,"287 Rue du Faubourg d'Arras, 59000 Faches-Thumesnil, France",+33 3 20 97 90 04,4.9,"287 Rue du Faubourg d'Arras, 59000 Faches-Thumesnil, France",50.60565145421652,3.058108343046737
Le Prèstige Buffet Traiteur,"17 Rue Pierre Baudel, 62210 Avion, France",+33 6 59 56 70 20,4.0,"17 Rue Pierre Baudel, 62210 Avion, France",50.410670090632586,2.824876316359377
Denis Anthony Jean-Pierre Andre,"13 Rue de la Lacquette, 62145 Estrée-Blanche, France",+33 3 21 11 94 68,5.0,"13 Rue de la Lacquette, 62145 Estrée-Blanche, France",50.595253244742636,2.3164184216767008
Goûtu,"16 Rue du Musée, 59270 Bailleul, France",+33 3 28 49 27 69,5.0,"16 Rue du Musée, 59270 Bailleul, France",50.74485152976082,2.7336640738746856
Traiteur Lecomte Père et Fils,"172 Rue du Faubourg de Douai, 59000 Lille, France",+33 3 20 52 78 54,4.7,"172 Rue du Faubourg de Douai, 59000 Lille, France",50.6112177,3.0750178
Philippe VANDELANOITTE Boucherie-Charcuterie-Traiteur,"140 Rue de Roubaix, 59420 Mouvaux, France",+33 3 20 26 03 25,4.7,"140 Rue de Roubaix, 59420 Mouvaux, France",50.696626096782346,3.14242908084591
Paris Traiteur,"2 Rue le Roy Mabille, 62152 Neufchâtel-Hardelot, France",+33 3 21 91 55 71,5.0,"2 Rue le Roy Mabille, 62152 Neufchâtel-Hardelot, France",50.6153189197492,1.631124160977217
Traiteur | Le Plaisir des Gouts | France,"12 Rue Eugène Leconte, 80740 Ronssoy, France",+33 6 61 62 12 05,5.0,"12 Rue Eugène Leconte, 80740 Ronssoy, France",49.981130589997484,3.157743725813772
Charpantier Laurent - Traiteur,"11 Rue de Sailly, 62490 Tortequesne, France",+33 6 82 66 62 18,5.0,"11 Rue de Sailly, 62490 Tortequesne, France",50.292125467987596,3.031428065675177
Traiteur Villette,"570 Rue Saint-Pierre, 60700 Pontpoint, France",+33 3 44 72 35 92,4.8,"570 Rue Saint-Pierre, 60700 Pontpoint, France",49.3002917755361,2.654534653601893
Mon Petit Traiteur,"6 Rue Jules Ferry, 62720 Rety, France",+33 3 59 44 30 55,3.5,"6 Rue Jules Ferry, 62720 Rety, France",50.798627271257594,1.7760116053569215
Votre Traiteur,"4/4 Rue Carnot, 62750 Loos-en-Gohelle, France",+33 6 19 84 07 55,3.7,"4/4 Rue Carnot, 62750 Loos-en-Gohelle, France",50.46108962371709,2.7918564239455055
Réception Albaraka,"12 Rue Marcelin Krebs, 59260 Lille, France",+33 6 17 39 78 29,4.7,"12 Rue Marcelin Krebs, 59260 Lille, France",50.6230195,3.1203949
SANDRINE TRAITEUR,"11 Grande Rue, 95270 Asnières-sur-Oise, France",+33 9 74 56 40 01,4.7,"11 Grande Rue, 95270 Asnières-sur-Oise, France",49.1338739,2.3608519
Votre Traiteur Hervé Halle,"Pl. du Palais de Justice, 02100 Saint-Quentin, France",+33 3 23 62 53 54,4.2,"Pl. du Palais de Justice, 02100 Saint-Quentin, France",49.84795327619284,3.284277659634456
Le Petit Gourmet,"17 Rue du Pont, 80700 Bus-la-Mesiére, France",+33 6 85 86 41 15,3.9,"17 Rue du Pont, 80700 Bus-la-Mesiére, France",49.63698445752627,2.714446498883142
LES DELICES DE JOHAN,"288 Rue Hector Berlioz Cité Cornuault, 62141 Évin-Malmaison, France",+33 6 59 50 96 45,3.7,"288 Rue Hector Berlioz Cité Cornuault, 62141 Évin-Malmaison, France",50.44283349294279,3.028228098156681
Clic & Cook,"L'Espérance, 72330 Yvré-le-Pôlin, France",+33 2 43 87 49 04,4.8,"L'Espérance, 72330 Yvré-le-Pôlin, France",47.82397098168558,0.1698334091822772
E.Leclerc TRAITEUR Lille,"94 Rue de Lannoy, 59800 Lille, France",+33 3 20 61 76 17,3.1,"94 Rue de Lannoy, 59800 Lille, France",50.634006,3.0979881
Pat Et Caramel,"Pl. des Anciens Combattants, 72230 Mulsanne, France",+33 2 43 40 44 44,4.9,"Pl. des Anciens Combattants, 72230 Mulsanne, France",47.90739260245517,0.24869731392585237
RENAUD Traiteur,"1 Rue du Gobillon, 72220 Laigné-en-Belin, France",+33 2 43 47 03 90,4.8,"1 Rue du Gobillon, 72220 Laigné-en-Belin, France",47.8755892,0.2271843
Les Gourmandises de Goulaine,"10 Rue Pasteur, 44115 Basse-Goulaine, France",+33 2 40 04 57 95,4.7,"10 Rue Pasteur, 44115 Basse-Goulaine, France",47.21604,-1.4650317
P Ty Breizh Crêpier Traiteur,"11 Beaumont, 72330 Oizé, France",+33 6 19 47 08 58,5.0,"11 Beaumont, 72330 Oizé, France",47.8128041,0.111722
Le Plat Qui Roule Traiteur,"14 Rue de la Tannerie, 49330 Les Hauts-d'Anjou, France",+33 6 95 23 20 07,4.8,"14 Rue de la Tannerie, 49330 Les Hauts-d'Anjou, France",47.66653299608525,-0.5765975894671608
Chapeau de paille foodtruck,"6 Rue Sainte-Geneviève, 72500 Dissay-Sous-Courcillon, France",+33 6 72 14 86 09,5.0,"6 Rue Sainte-Geneviève, 72500 Dissay-Sous-Courcillon, France",47.66364744021272,0.4749391643103124
"Traiteur Simon - Séminaires, mariages, baptêmes","6 Rue de la Gare, 68850 Staffelfelden, France",+33 3 89 57 74 04,4.1,"6 Rue de la Gare, 68850 Staffelfelden, France",47.827613,7.2635184
JM CREATRAITEUR,"8 Pl. de la République, 72150 Le Grand-Lucé, France",+33 2 43 40 92 87,4.4,"8 Pl. de la République, 72150 Le Grand-Lucé, France",47.864832,0.46984439202425354
Carrefour Traiteur,"Av. du Grand Cottignies, 59290 Wasquehal, France",+33 3 28 45 28 79,1.0,"Av. du Grand Cottignies, 59290 Wasquehal, France",50.68336528002388,3.119188863608868
L'Oeil De Boeuf,"2 Rte de Mouliherne, 49490 Auverse, France",+33 2 41 82 38 19,4.6,"2 Rte de Mouliherne, 49490 Auverse, France",47.50004950818458,0.02811971794269801
O Saveurs De Berce,"2 Av. de Tours, 72500 Montval-sur-Loir, France",+33 2 43 46 91 82,4.6,"2 Av. de Tours, 72500 Montval-sur-Loir, France",47.69036188288835,0.42537990910727197
Toc'toque Le Traiteur,"35 Rue Léon Blum, 62300 Lens, France",+33 6 60 68 27 62,1.0,"35 Rue Léon Blum, 62300 Lens, France",50.440671,2.798644
AU GOURMET NORMAND,"4 Rue Eugène Pottier, 44400 Rezé, France",+33 2 40 75 07 80,4.8,"4 Rue Eugène Pottier, 44400 Rezé, France",47.18928313761689,-1.5505548991722102
Les Traiteurs de France,"36 Rue Étienne Marcel, 75002 Paris, France",+33 1 42 33 30 17,4.3,"36 Rue Étienne Marcel, 75002 Paris, France",48.8650093,2.3446544
RC TRAITEUR,"12 Rue Renée Auduc, 72330 Cérans-Foulletourte, France",+33 6 89 14 97 14,5.0,"12 Rue Renée Auduc, 72330 Cérans-Foulletourte, France",47.8270045,0.0808765
Aux Saveurs du Jour,"Rue de la Broderie, 49120 Chemillé-en-Anjou, France",+33 6 21 05 60 18,5.0,"Rue de la Broderie, 49120 Chemillé-en-Anjou, France",47.22105490580469,-0.7300690163409234
Aux saveurs de Nora / traiteur à domicile Angers,"14 bis Rue de Bourgogne, 49000 Angers, France",+33 6 64 83 44 71,4.9,"14 bis Rue de Bourgogne, 49000 Angers, France",47.49085220633365,-0.5230836474060054
Normandie Traiteur,"6 Rue des Hêtres, 76740 Saint-Pierre-le-Vieux, France",+33 2 35 85 08 67,4.7,"6 Rue des Hêtres, 76740 Saint-Pierre-le-Vieux, France",49.836293940660894,0.9049936479154675
Europ Réception Varet Traiteur 76 Normandie,"610 Rte de Grosfy, 76570 Hugleville-en-Caux, France",+33 2 35 92 38 56,4.8,"610 Rte de Grosfy, 76570 Hugleville-en-Caux, France",49.60454543050719,0.9933159137823249
"Edsone Traiteur, Normandie-Paris","4 Rue Garfield, 27400 Louviers, France",+33 6 16 60 34 09,4.9,"4 Rue Garfield, 27400 Louviers, France",49.2232854,1.1601866
Les Festins Normands,"54 Rue Saint-Michel, 14130 Pont-l'Évêque, France",+33 2 31 64 01 02,4.9,"54 Rue Saint-Michel, 14130 Pont-l'Évêque, France",49.2851045,0.18346802070063511
Le sens des mets,"9 Rte Principale, 76220 Bosc-Hyons, France",+33 6 70 08 24 32,5.0,"9 Rte Principale, 76220 Bosc-Hyons, France",49.45572915685668,1.6500524183549825
Un P'tit Bou de Normandie,"2 Rue des 4 Vents, 76890 Totes, France",+33 6 82 51 06 99,4.9,"2 Rue des 4 Vents, 76890 Totes, France",49.686838916887424,1.0458254820972048
Traiteur Calvados,"10 Rue des Hauts Fourneaux, 14840 Cuverville, France",+33 7 62 87 20 62,4.9,"10 Rue des Hauts Fourneaux, 14840 Cuverville, France",49.1920681,-0.2730576
C COMME TRAITEUR,"10 Rte d'Harcourt, 14320 May-sur-Orne, France",+33 6 64 52 96 66,4.7,"10 Rte d'Harcourt, 14320 May-sur-Orne, France",49.0974686,-0.3749396
Ça Miijote,"116 Rue Jules Ferry, 76250 Déville-lès-Rouen, France",+33 6 64 89 21 33,4.9,"116 Rue Jules Ferry, 76250 Déville-lès-Rouen, France",49.467731,1.040665
Normandy Lunch Traiteur,"Rte d'Isneauville, 76710 Bosc-Guérard-Saint-Adrien, France",+33 6 27 01 18 10,4.9,"Rte d'Isneauville, 76710 Bosc-Guérard-Saint-Adrien, France",49.54154924165132,1.1180736655138646
Briffaut Traiteur,"1924 Rue de la ville aux Geais, 76770 Malaunay, France",+33 6 95 30 16 76,5.0,"1924 Rue de la ville aux Geais, 76770 Malaunay, France",49.52713915824557,1.066188103518027
Festi'Saveurs,"11 Rue du Donjon, 76000 Rouen, France",+33 6 77 98 42 45,4.8,"11 Rue du Donjon, 76000 Rouen, France",49.44643012366995,1.0941334256517832
Lecointe Traiteur,"5 Rue Berthelot, 76150 Maromme, France",+33 2 35 33 03 31,4.5,"5 Rue Berthelot, 76150 Maromme, France",49.4850725,1.0267239410688143
Jusqu'au Goût Traiteur,"27 Av. de la Cité Minière, 14190 Saint-Germain-le-Vasson, France",+33 6 03 21 60 22,5.0,"27 Av. de la Cité Minière, 14190 Saint-Germain-le-Vasson, France",49.0088309,-0.2919084
Collet Traiteur Eure,"19 Rue du Matrey, 27400 Louviers, France",+33 2 32 40 04 85,4.9,"19 Rue du Matrey, 27400 Louviers, France",49.2119643,1.1689549
LA RONDE DES SAVEURS,"20 Rue Claude Debussy, 76410 Tourville-la-Rivière, France",+33 6 62 22 63 88,4.7,"20 Rue Claude Debussy, 76410 Tourville-la-Rivière, France",49.337346446185755,1.1175428785534525
Maison Henri Morel,"Glatigny, 14800 Tourgéville, France",+33 2 31 65 16 83,4.7,"Glatigny, 14800 Tourgéville, France",49.3033017,0.0929064
Coudray Traiteur,"Av. Bernard Bicheray, 76000 Rouen, France",+33 2 35 98 47 64,4.8,"Av. Bernard Bicheray, 76000 Rouen, France",49.45071978955415,1.056729892264396
Traiteur Le Prélude,"Rue du Val Brie, 14440 Cresserons, France",+33 2 31 85 35 99,4.6,"Rue du Val Brie, 14440 Cresserons, France",49.286988420133,-0.3468374177116949
CAPORAL TRAITEUR,"8 rue Émile Zola Tourville la rivière, 76410 Tourville-la-Rivière, France",+33 7 69 52 55 23,5.0,"8 rue Émile Zola Tourville la rivière, 76410 Tourville-la-Rivière, France",49.33129190338175,1.1064058550486733
Loison Traiteur,"76 Rue Emile Herbline, 14150 Ouistreham, France",+33 2 31 96 06 02,4.6,"76 Rue Emile Herbline, 14150 Ouistreham, France",49.27175037318442,-0.25713528880629954
Ménard Traiteur Organisateur de Réception - Traiteur à Caen,"7 Av. de la Liberté, 14460 Colombelles, France",+33 2 31 72 40 38,4.6,"7 Av. de la Liberté, 14460 Colombelles, France",49.203629,-0.296688
A Ka Pwel’La,"1 Rue du Pont, 27600 Gaillon, France",+33 6 34 37 33 01,4.5,"1 Rue du Pont, 27600 Gaillon, France",49.15175905738009,1.350427030855591
lp traiteur,"1 Rte de Tourville, 27370 Amfreville-Saint-Amand, France",+33 6 80 33 98 36,4.6,"1 Rte de Tourville, 27370 Amfreville-Saint-Amand, France",49.23307631500216,0.9292645477575069
Le Traiteur de la Ferme,"61 Rue Jouvenet, 76000 Rouen, France",+33 7 83 97 77 85,5.0,"61 Rue Jouvenet, 76000 Rouen, France",49.44939296656163,1.1051677293783417
Lechevallier Traiteur,"Rue Rocher, 14400 Condé-sur-Seulles, France",+33 2 31 38 83 09,4.7,"Rue Rocher, 14400 Condé-sur-Seulles, France",49.2259612968075,-0.63634279065286
Arena traiteur - la saveur de vos événements,"6 Pl. de la Pâture, 27370 Saint-Pierre-du-Bosguérard, France",+33 6 41 95 35 76,5.0,"6 Pl. de la Pâture, 27370 Saint-Pierre-du-Bosguérard, France",49.26929340103987,0.9042848120545374
O FAIM GOURMAND TRAITEUR,"1960 Rue du Bout d'Aval, 76690 Saint-Georges-sur-Fontaine, France",+33 6 78 62 06 53,5.0,"1960 Rue du Bout d'Aval, 76690 Saint-Georges-sur-Fontaine, France",49.54789277637474,1.1651893874412544
L'Atelier de Mr Jo,"Rue du Luxembourg, 14550 Blainville-sur-Orne, France",+33 6 79 96 87 46,5.0,"Rue du Luxembourg, 14550 Blainville-sur-Orne, France",49.23580902910953,-0.2989369654647213
La Pommeraie | Restaurant | Traiteur | Mariage | Séminaire | Anniversaire | Cérémonie | a Bernay,"38 Rte de l'Allée des Dames Bernay, 27300 Treis-Sants-en-Ouche, France",+33 2 32 45 28 88,4.5,"38 Rte de l'Allée des Dames Bernay, 27300 Treis-Sants-en-Ouche, France",49.05119558170211,0.5701018101283448
"Le Petit Gourmet traiteur Bayeux""charcutier et rôtisseur","44 Rte de Caen, 14400 Bayeux, France",+33 7 60 53 20 74,4.9,"44 Rte de Caen, 14400 Bayeux, France",49.27353155,-0.6871169586813655
"Guerin Traiteur, charcuterie Artisanale","8 Rue Pasteur, 76190 Yvetot, France",+33 2 35 95 14 79,4.9,"8 Rue Pasteur, 76190 Yvetot, France",49.617502,0.751892734374999
Pheasant DORE Sarl Bordais,"Maudon, 50300 Ponts, France",+33 2 33 68 23 88,4.8,"Maudon, 50300 Ponts, France",48.712164733069855,-1.3490547663703372
L'étoile traiteur,"2 Rte de Brionne, 27370 Le Bosc-du-Theil, France",+33 2 32 35 51 14,4.8,"2 Rte de Brionne, 27370 Le Bosc-du-Theil, France",49.21970094350078,0.8203208390827272
Le Promenoir - Traiteur Haut de Gamme,"Imp. des Grands Champs, 14430 Branville, France",+33 7 65 21 84 90,5.0,"Imp. des Grands Champs, 14430 Branville, France",49.27225354794142,0.027715928627241683
panchout traiteur,"18 Sent. aux Anglais, 76710 Montville, France",+33 2 35 77 06 11,4.4,"18 Sent. aux Anglais, 76710 Montville, France",49.54262594752483,1.0690801746798895
A VOTRE GOUT,"12 Rue de Gamilly, 27200 Vernon, France",+33 2 32 54 01 91,4.9,"12 Rue de Gamilly, 27200 Vernon, France",49.0888356,1.4892116
Traiteur le Gourmet,"1 Rue Mgr le Nordez, 50310 Montebourg, France",+33 2 50 29 30 75,4.8,"1 Rue Mgr le Nordez, 50310 Montebourg, France",49.487086399451876,-1.3764918877218812
ERISAY RÉCEPTIONS ROUEN Traiteur,"39 Rue aux Ours, 76000 Rouen, France",+33 2 35 98 64 68,4.6,"39 Rue aux Ours, 76000 Rouen, France",49.4405496,1.0915589
Le Spot Traiteur,"14 Rue Denis Papin, 14200 Hérouville-Saint-Clair, France",+33 2 14 40 20 23,4.6,"14 Rue Denis Papin, 14200 Hérouville-Saint-Clair, France",49.207284,-0.337829
steffie traiteur,"3 bis Rue des Châtaigniers, 27930 Reuilly, France",+33 6 47 07 74 97,5.0,"3 bis Rue des Châtaigniers, 27930 Reuilly, France",49.08507486514302,1.236123045128857
DANET TRAITEUR,"6 Rue des Chasseurs, 14120 Mondeville, France",+33 6 66 20 95 93,4.8,"6 Rue des Chasseurs, 14120 Mondeville, France",49.1717143773211,-0.29696045162063145
Traiteur Lecourt Receptions,"116 Pl. des Martyrs de la Résistance, 76100 Rouen, France",+33 6 03 51 09 02,4.4,"116 Pl. des Martyrs de la Résistance, 76100 Rouen, France",49.4194458,1.0776268
L'Atelier de Brun'OH !,"Le Bosc Tillot, 76680 Saint-Martin-Osmonville, France",+33 6 65 49 31 78,4.7,"Le Bosc Tillot, 76680 Saint-Martin-Osmonville, France",49.626036,1.2691117
LEFEBVRE TRAITEUR,"77 Rue des Martyrs de la Résistance, 76150 Maromme, France",+33 2 35 76 20 00,4.4,"77 Rue des Martyrs de la Résistance, 76150 Maromme, France",49.4821081,1.0409921
Coupigny traiteur,"61 Bd Stanislas Girardin, 76140 Le Petit-Quevilly, France",+33 6 60 76 06 94,4.7,"61 Bd Stanislas Girardin, 76140 Le Petit-Quevilly, France",49.4140956,1.0636857
Julien Traiteur,"Rue d'Écosse, 76790 Les Loges, France",+33 6 35 56 43 83,5.0,"Rue d'Écosse, 76790 Les Loges, France",49.700169190133316,0.27012697582281925
Un piano Gourmand,"14 Rue de l'Équerre, 27490 Clef-Vallée-d'Eure, France",+33 6 21 02 44 91,4.7,"14 Rue de l'Équerre, 27490 Clef-Vallée-d'Eure, France",49.10169575646711,1.2402291693200036
Les délices d'Adriel,"Dom. de la Blanche Voie, 76770 Houppeville, France",+33 7 67 05 92 31,5.0,"Dom. de la Blanche Voie, 76770 Houppeville, France",49.5122179,1.0850904
LN - Traiteur,"1015 Rue Bernard Thelu, 76640 Terres-de-Caux, France",+33 6 80 35 10 22,4.6,"1015 Rue Bernard Thelu, 76640 Terres-de-Caux, France",49.649934,0.59193
DURAND TRAITEUR,"62 Rue Eugène Boudin, 14000 Caen, France",+33 2 31 74 30 20,5.0,"62 Rue Eugène Boudin, 14000 Caen, France",49.1942095,-0.3823383
La Marmite d’antan,"19 Av. du Général Leclerc, 14500 Vire-Normandie, France",+33 9 88 03 07 80,4.8,"19 Av. du Général Leclerc, 14500 Vire-Normandie, France",48.83920055800799,-0.8900152514360395
Chez Juliane,"569 Rue de la Mairie, 76750 Ernemont-sur-Buchy, France",+33 2 35 87 94 78,4.6,"569 Rue de la Mairie, 76750 Ernemont-sur-Buchy, France",49.53898166978352,1.3595423228972685
Honfleur Traiteur,"116 Av. des Martyrs de la Résistance, 76100 Rouen, France",+33 2 35 14 92 95,4.3,"116 Av. des Martyrs de la Résistance, 76100 Rouen, France",49.4199629,1.07837695
Les mets de Vera,"Rue Marguerite Duras, 14760 Bretteville-sur-Odon, France",+33 7 82 17 54 36,4.7,"Rue Marguerite Duras, 14760 Bretteville-sur-Odon, France",49.17377793814372,-0.42064843075439917
Cirette Traiteur,"Av. Bernard Bicheray, 76000 Rouen, France",+33 2 35 88 29 98,4.8,"Av. Bernard Bicheray, 76000 Rouen, France",49.45071978955415,1.056729892264396
Granville Réceptions,"75 Rue Couraye, 50400 Granville, France",+33 2 33 51 79 92,4.6,"75 Rue Couraye, 50400 Granville, France",48.83725160222382,-1.594868155628819
MD traiteur,"36 Pl. Jean Jaurès, 14123 Fleury-sur-Orne, France",+33 6 21 37 08 48,4.6,"36 Pl. Jean Jaurès, 14123 Fleury-sur-Orne, France",49.14860273280652,-0.3744355611459586
Chef à domicile Matthieu Lemoine,"Rue des Pavillons, 14800 Deauville, France",+33 6 89 50 16 94,5.0,"Rue des Pavillons, 14800 Deauville, France",49.35313402367153,0.08810758146984819
FESTI' TRAITEUR,"11 Rue du Donjon, 76000 Rouen, France",+33 6 60 35 73 81,5.0,"11 Rue du Donjon, 76000 Rouen, France",49.44643012366995,1.0941334256517832
Antoine Gordien,"5 Rue de l'Église, 61110 Moutiers-au-Perche, France",+33 6 24 03 32 95,5.0,"5 Rue de l'Église, 61110 Moutiers-au-Perche, France",48.47783806313034,0.8457558609947685
Le Traiteur,"97 Rue Gambetta, 50120 Cherbourg-en-Cotentin, France",+33 2 33 93 87 00,4.8,"97 Rue Gambetta, 50120 Cherbourg-en-Cotentin, France",49.6474227,-1.6471945
La Saloupière Traiteur,"La Croix des Chênes, 61110 Bretoncelles, France",+33 6 13 09 55 01,4.9,"La Croix des Chênes, 61110 Bretoncelles, France",48.435888649999995,0.8867763079057468
laurent traiteur rotisserie,"14 Rue Trinqueboeuf, 76570 Pavilly, France",+33 6 62 96 38 19,4.8,"14 Rue Trinqueboeuf, 76570 Pavilly, France",49.588776698524505,0.9568764602308422
SAVEURS TRAITEUR,"8 Rue Calmette et Guérin, 14100 Lisieux, France",+33 2 31 61 09 13,3.8,"8 Rue Calmette et Guérin, 14100 Lisieux, France",49.151572732951685,0.255901184970403
Traiteur Maison Coufourier - Rolleville,"3 Rue Abbé Maze, 76133 Rolleville, France",+33 2 35 30 85 89,4.9,"3 Rue Abbé Maze, 76133 Rolleville, France",49.58210971259422,0.2118979954272564
Au Vrai Délice,"10 Bd du 11 Novembre, 76140 Le Petit-Quevilly, France",+33 6 88 95 92 13,4.9,"10 Bd du 11 Novembre, 76140 Le Petit-Quevilly, France",49.42180085,1.0671453444466725
Traiteur de Paris,"Av. Jean York, 76400 Epreville, France",+33 2 99 86 76 00,4.4,"Av. Jean York, 76400 Epreville, France",49.718637281731304,0.36362327272390244
Gourmet Traiteur,"10 Rue du Général Leclerc, 14510 Houlgate, France",+33 2 31 24 82 33,4.5,"10 Rue du Général Leclerc, 14510 Houlgate, France",49.301503999999994,-0.07643551424747219
Lemoy traiteur,"9 Rue Saint-Eloi, 61100 Saint-Georges-des-Groseillers, France",+33 2 33 96 73 56,4.5,"9 Rue Saint-Eloi, 61100 Saint-Georges-des-Groseillers, France",48.777194937514906,-0.569746207323812
Bonnaire Traiteur Rouen - Traiteur Événementiel - Mariage - Cocktail,"555 Rue du Noyer des Bouttières, 76800 Saint-Étienne-du-Rouvray, France",+33 2 35 72 51 01,4.6,"555 Rue du Noyer des Bouttières, 76800 Saint-Étienne-du-Rouvray, France",49.36762479582255,1.0924157509790142
Chez Bex,"138 Rue Victor Hugo, 76600 Le Havre, France",+33 7 68 59 68 57,4.4,"138 Rue Victor Hugo, 76600 Le Havre, France",49.4916224,0.1082667
La bonne maison : Spécialités Provencales,"2 Rue Henri Dunant, 27110 Le Neubourg, France",+33 7 49 40 85 01,4.7,"2 Rue Henri Dunant, 27110 Le Neubourg, France",49.147735,0.9005044456521758
La Cantine en Folie - ROUEN - Traiteur Festif & Original,"555 Rue du Noyer des Bouttières, 76800 Saint-Étienne-du-Rouvray, France",+33 2 35 72 51 01,5.0,"555 Rue du Noyer des Bouttières, 76800 Saint-Étienne-du-Rouvray, France",49.36762479582255,1.0924157509790142
Saveurs du Laizon,"Rue Alfred Zuckerman, 14270 Mézidon Vallée d'Auge, France",+33 2 31 90 22 41,4.9,"Rue Alfred Zuckerman, 14270 Mézidon Vallée d'Auge, France",49.06886630255821,-0.08390703581501158
Loison Traiteur,"19 Pl. Saint-Sauveur, 14000 Caen, France",+33 2 31 73 25 23,4.2,"19 Pl. Saint-Sauveur, 14000 Caen, France",49.1825231,-0.3689843
Le Caraïbe,"3 Rue des Gruchets, 27140 Saint-Denis-le-Ferment, France",+33 2 32 55 45 12,5.0,"3 Rue des Gruchets, 27140 Saint-Denis-le-Ferment, France",49.32372097075827,1.7198299598490785
La Boutique Gourmande,"44 Rue d'Alençon, 14100 Lisieux, France",+33 2 31 32 72 41,4.5,"44 Rue d'Alençon, 14100 Lisieux, France",49.141542,0.226964
LA HETRAIE TRAITEUR,"5 Rue Denis Papin, 76330 Port-Jérôme-sur-Seine, France",+33 2 35 31 04 46,4.6,"5 Rue Denis Papin, 76330 Port-Jérôme-sur-Seine, France",49.48317450280404,0.574025341006946
El Mediterraneo TRAITEUR,"22 Rue du Renard, 76000 Rouen, France",+33 9 88 32 92 21,4.3,"22 Rue du Renard, 76000 Rouen, France",49.4463118,1.0849838
Oh My Chef !,"31 Av. de l'Hippodrome, 14000 Caen, France",+33 2 31 28 39 70,4.9,"31 Av. de l'Hippodrome, 14000 Caen, France",49.1779557,-0.367183
Cosy Traiteur,"89 Rue Président Wilson, 76600 Le Havre, France",+33 2 32 79 10 93,5.0,"89 Rue Président Wilson, 76600 Le Havre, France",49.4970629,0.0983906
Gauthier Traiteur,"Gauthier Traiteur, 61130 Saint-Germain-de-la-Coudre, France",+33 2 33 85 18 18,4.5,"Gauthier Traiteur, 61130 Saint-Germain-de-la-Coudre, France",48.2784985,0.6073734
Leya Traiteur libanais,"4 Rue Rollon, 76000 Rouen, France",+33 9 81 60 68 75,4.6,"4 Rue Rollon, 76000 Rouen, France",49.4426262,1.0903979
E.Leclerc TRAITEUR Gonfreville l'Orcher,"Av. du Cantipou, 76700 Gonfreville-l'Orcher, France",+33 2 35 13 45 00,4.0,"Av. du Cantipou, 76700 Gonfreville-l'Orcher, France",49.51138655,0.2115673
Saison Cuisine Colorée,"13 Rue Aristide Briand, 27120 Pacy-sur-Eure, France",+33 6 68 22 08 24,5.0,"13 Rue Aristide Briand, 27120 Pacy-sur-Eure, France",49.0142021,1.3788112
E.Leclerc TRAITEUR Normanville Caer,"N154, 27930 Normanville, France",+33 2 32 39 85 00,4.2,"N154, 27930 Normanville, France",49.0760852,1.1542103
E.Leclerc TRAITEUR Le Houlme,"163 Rue du Général de Gaulle, 76770 Le Houlme, France",+33 2 35 76 86 20,4.1,"163 Rue du Général de Gaulle, 76770 Le Houlme, France",49.51345925,1.03692136097101
Odassiette Traiteur,"2 Rue des Métiers, 27230 Thiberville, France",+33 2 32 44 58 11,4.5,"2 Rue des Métiers, 27230 Thiberville, France",49.14329776026653,0.4505354996140528
BRAISE Traiteur Brasero,"50 Pl. de la Madeleine, 27130 Verneuil d'Avre et d'Iton, France",+33 6 17 30 01 44,5.0,"50 Pl. de la Madeleine, 27130 Verneuil d'Avre et d'Iton, France",48.7392545,0.9281271
E.Leclerc TRAITEUR Argentan,"21-23 Rue Pierre Bérégovoy, 61200 Argentan, France",+33 2 33 12 18 00,5.0,"21-23 Rue Pierre Bérégovoy, 61200 Argentan, France",48.7519171,-0.013627916741830816
"Traiteur Le Havre, LE REFLET DES ILES","127 Rue du Maréchal Joffre, 76600 Le Havre, France",+33 2 35 42 18 60,4.6,"127 Rue du Maréchal Joffre, 76600 Le Havre, France",49.500018652205235,0.13027303991033717
E.Leclerc TRAITEUR Honfleur,"Av. Marcel Liabastre, 14600 Honfleur, France",+33 2 31 89 16 41,4.4,"Av. Marcel Liabastre, 14600 Honfleur, France",49.419188819600095,0.25986170377201245
HART - Havre Réception Traiteur,"15 Rue Collard, 76600 Le Havre, France",+33 6 19 14 30 03,4.7,"15 Rue Collard, 76600 Le Havre, France",49.4979908,0.1266088
Guéret Traiteur,"Pl. Bernard Tissot, 76000 Rouen, France",+33 2 78 77 12 79,4.3,"Pl. Bernard Tissot, 76000 Rouen, France",49.44860265,1.093951966582165
E.Leclerc TRAITEUR Caen,"24 Rue Lanfranc, 14000 Caen, France",+33 2 31 85 75 61,4.6,"24 Rue Lanfranc, 14000 Caen, France",49.1865227,-0.3803119
Buchelay Réception Traiteur,"6 Rue de l'Ardèche, 78200 Buchelay, France",+33 1 30 92 00 89,4.9,"6 Rue de l'Ardèche, 78200 Buchelay, France",48.9923404,1.6720825
TRAITEUR DES HALLES,"13 Rue Bernardin de Saint-Pierre, 76600 Le Havre, France",+33 2 49 88 42 93,4.5,"13 Rue Bernardin de Saint-Pierre, 76600 Le Havre, France",49.4905296,0.1047486
Tourneux Christophe,"40 Rue de la Seine, 14000 Caen, France",+33 2 31 82 37 20,4.8,"40 Rue de la Seine, 14000 Caen, France",49.171241,-0.3369664
Plateau Repas Caen,"7 Av. de la Liberté, 14460 Colombelles, France",+33 2 31 72 40 38,5.0,"7 Av. de la Liberté, 14460 Colombelles, France",49.203629,-0.296688
Erisay Réceptions Le Havre Traiteur,"154 Rue Victor Hugo, 76600 Le Havre, France",+33 7 50 15 72 16,5.0,"154 Rue Victor Hugo, 76600 Le Havre, France",49.491522849999996,0.10938319368693648
Alexandre Didier,"20 Rue de l'Epagne, 14750 Saint-Aubin-sur-Mer, France",+33 2 31 86 22 05,4.2,"20 Rue de l'Epagne, 14750 Saint-Aubin-sur-Mer, France",49.3249952,-0.376263
traiteur georges,"88 Rue du Général de Gaulle, 76770 Le Houlme, France",+33 6 58 72 75 49,5.0,"88 Rue du Général de Gaulle, 76770 Le Houlme, France",49.50076882758774,1.0453800116872196
Clément Ponseel Chef Privé/Brasero,"86 Rue Berthier, 14360 Trouville-sur-Mer, France",+33 7 67 14 07 52,5.0,"86 Rue Berthier, 14360 Trouville-sur-Mer, France",49.36427083256816,0.08701875496021023
E.Leclerc TRAITEUR Louviers,"ZI des Prés, 27400 Louviers, France",+33 2 32 25 19 90,3.8,"ZI des Prés, 27400 Louviers, France",49.218627881017284,1.1750810823997948
Newrest restauration,"1018 Bd de Normandie, 76360 Barentin, France",+33 2 35 91 21 39,3.7,"1018 Bd de Normandie, 76360 Barentin, France",49.535467,0.973166
Chédru Jean-Didier,"62 Rue Henri Messager, 76170 Lillebonne, France",+33 2 35 38 06 01,4.5,"62 Rue Henri Messager, 76170 Lillebonne, France",49.5198329,0.5365633
La Rotisserie Vernon,"68 Rue d'Albufera, 27200 Vernon, France",+33 6 64 22 03 91,4.8,"68 Rue d'Albufera, 27200 Vernon, France",49.0925295,1.4828731
Normandie Réception,"14 Rue des Lilas, 76210 Lintot, France",+33 7 82 32 40 45,4.6,"14 Rue des Lilas, 76210 Lintot, France",49.5624387106397,0.5663185787485903
Boucherie Charcuterie Traiteur - Olivier Cruz - Boucherie de la Victoire,"10 Rue de Normandie, 60200 Compiègne, France",+33 3 44 20 27 69,4.6,"10 Rue de Normandie, 60200 Compiègne, France",49.4034028,2.817686
La Table d'Erisay,"Rue Francis Poulenc, 76130 Mont-Saint-Aignan, France",+33 2 35 74 05 41,4.4,"Rue Francis Poulenc, 76130 Mont-Saint-Aignan, France",49.47530371128964,1.0777928932200098
Chaud comme la Breizh,"Basse, 61400 La Chapelle-Montligeon, France",+33 6 30 18 04 77,5.0,"Basse, 61400 La Chapelle-Montligeon, France",48.4885969,0.656311
Traiteur O' Plaisir gourmand,"131 Av. des Marronniers, 33700 Mérignac, France",+33 7 69 32 04 56,4.9,"131 Av. des Marronniers, 33700 Mérignac, France",44.845567,-0.68637
Mood Traiteur,"Rue Lucien Faure, 33300 Bordeaux, France",+33 6 80 87 45 50,4.9,"Rue Lucien Faure, 33300 Bordeaux, France",44.86225794447533,-0.5562911370252344
Deval Traiteur,"83 Rte de Créon, 33750 Saint-Germain-du-Puch, France",+33 5 57 84 90 13,4.9,"83 Rte de Créon, 33750 Saint-Germain-du-Puch, France",44.84888172976134,-0.32907774552048774
O Mets Raffinés Traiteur,"13 Rue du Val de l'Eyre, 33380 Marcheprime, France",+33 6 17 91 44 66,4.9,"13 Rue du Val de l'Eyre, 33380 Marcheprime, France",44.6887742,-0.85117175
Au Plaisir Des Papilles,"7 Av. Gutenberg, 33510 Andernos-les-Bains, France",+33 6 60 53 97 58,4.9,"7 Av. Gutenberg, 33510 Andernos-les-Bains, France",44.764427,-1.071688
Traiteur Tendance Et Tradition,"Av. Lagraula, 33450 Saint-Sulpice-et-Cameyrac, France",+33 5 56 30 82 78,4.8,"Av. Lagraula, 33450 Saint-Sulpice-et-Cameyrac, France",44.910945957621884,-0.38623378444023365
MONBLANC TRAITEUR,"2409 Av. de Bordeaux, 33127 Saint-Jean-d'Illac, France",+33 5 56 21 61 32,4.8,"2409 Av. de Bordeaux, 33127 Saint-Jean-d'Illac, France",44.81312045,-0.7430836999999999
VBTraiteur,"6 bis All. de Mégévie, 33170 Gradignan, France",+33 5 56 87 30 26,4.9,"6 bis All. de Mégévie, 33170 Gradignan, France",44.77478120312313,-0.6396563700099764
Aynel Traiteur,"1 Bis Rue Nicolas Brémontier, 33830 Belin-Béliet, France",+33 5 57 80 47 35,4.8,"1 Bis Rue Nicolas Brémontier, 33830 Belin-Béliet, France",44.527952487615934,-0.8190116491691853
"La Mignonnette, cheffe et traiteur à domicile & en livraison","81 Rue de Rivière, 33000 Bordeaux, France",+33 6 23 42 74 12,4.9,"81 Rue de Rivière, 33000 Bordeaux, France",44.8557523,-0.5885385
Casa Tapas,"96 Av. de Labarde, 33300 Bordeaux, France",+33 6 26 40 35 40,4.9,"96 Av. de Labarde, 33300 Bordeaux, France",44.8796377,-0.5521974
NATURE ET GOURMANDISE TRAITEUR,"9 ZA le Limancet, 33880 Saint-Caprais-de-Bordeaux, France",+33 6 01 36 68 18,5.0,"9 ZA le Limancet, 33880 Saint-Caprais-de-Bordeaux, France",44.7692056,-0.43624790722964435
Capdevielle Traiteur,"11 Rue de Fieuzal, 33520 Bruges, France",+33 5 57 19 09 99,4.8,"11 Rue de Fieuzal, 33520 Bruges, France",44.8853283,-0.5941092
Chef à domicile Bernadet,"4 Rue de la Lamproie, 33270 Floirac, France",+33 6 40 55 95 78,5.0,"4 Rue de la Lamproie, 33270 Floirac, France",44.826930361479725,-0.5272492519478733
Lassuderie Traiteur,"7 Pl. de la Rotonde, 33600 Pessac, France",+33 6 61 04 15 62,4.8,"7 Pl. de la Rotonde, 33600 Pessac, France",44.80037675,-0.6210852845461735
Lefevre Traiteur,"23 Av. de la Madeleine, 33170 Gradignan, France",+33 5 56 89 87 13,5.0,"23 Av. de la Madeleine, 33170 Gradignan, France",44.77697037334891,-0.6354742799994602
Lulu Traiteur,"Rue des Cerisiers, 40230 Josse, France",+33 7 83 15 31 20,5.0,"Rue des Cerisiers, 40230 Josse, France",43.64251292650722,-1.2206647841689915
En Faim Prêt de Chez Vous,"Rue Jean Briaud, 33700 Mérignac, France",+33 6 18 08 67 30,4.8,"Rue Jean Briaud, 33700 Mérignac, France",44.826964412361995,-0.6702695017148262
Authentique Brunch - Traiteur événementiel du brunch à l'apéro,"15 Rue de la Somme, 33500 Libourne, France",+33 9 70 70 18 28,5.0,"15 Rue de la Somme, 33500 Libourne, France",44.90558098263317,-0.24617720928210662
Les Trois Sens Traiteur,"235 All. Isaac Newton, 33127 Saint-Jean-d'Illac, France",+33 5 56 77 57 42,5.0,"235 All. Isaac Newton, 33127 Saint-Jean-d'Illac, France",44.81391814087548,-0.7476384110674689
Au Fin Palais,"19 Rue de Prompsault, 24660 Sanilhac, France",+33 9 70 35 53 65,4.8,"19 Rue de Prompsault, 24660 Sanilhac, France",45.17619108425659,0.7261051856267068
Tic Toque Traiteur Végétarien,"9 Rue Billaudel, 33800 Bordeaux, France",+33 9 51 38 42 59,4.9,"9 Rue Billaudel, 33800 Bordeaux, France",44.8264577,-0.5655917
Révélations des papilles,"26 Av. du Pont de l'Orient, 33600 Pessac, France",+33 6 79 20 64 42,4.8,"26 Av. du Pont de l'Orient, 33600 Pessac, France",44.81329844776809,-0.6498939240637138
Traiteur délices en cuisine,"Rue des Chasseurs, 64000 Pau, France",+33 6 33 48 40 59,4.9,"Rue des Chasseurs, 64000 Pau, France",43.31199493859318,-0.31559929711495033
Traiteur Happy Apéro bordeaux,"36 Av. Alsace Lorraine, 33200 Bordeaux, France",+33 6 82 58 18 44,4.9,"36 Av. Alsace Lorraine, 33200 Bordeaux, France",44.846466,-0.6048892
Les Gastron'home Périgourdins,"11 Voie Gutenberg, 24100 Bergerac, France",+33 5 53 58 94 56,4.7,"11 Voie Gutenberg, 24100 Bergerac, France",44.85570279081373,0.5248295398706566
Yannick Rouzie Traiteur SARL,"667 Rte des Pins, 33190 Fontet, France",+33 5 56 71 00 48,4.7,"667 Rte des Pins, 33190 Fontet, France",44.533334530153695,-0.030904747143308053
Les Traiteurs De France,"33 bis Av. Charles de Gaulle, 33200 Bordeaux, France",+33 5 56 08 54 62,4.8,"33 bis Av. Charles de Gaulle, 33200 Bordeaux, France",44.85031162560279,-0.6055478677325298
L'Essentiel de Monblanc,"2409 Av. de Bordeaux, 33127 Saint-Jean-d'Illac, France",+33 5 57 97 37 53,4.9,"2409 Av. de Bordeaux, 33127 Saint-Jean-d'Illac, France",44.81312045,-0.7430836999999999
Bisca Traiteur,"Pl. du Marché, 40600 Biscarrosse, France",+33 6 83 90 13 92,5.0,"Pl. du Marché, 40600 Biscarrosse, France",44.39332931025279,-1.1672292113252782
Ô Food Trement Bon Traiteur Bordeaux,"26 Av. René Duhourquet, 33130 Bègles, France",+33 7 69 52 79 00,5.0,"26 Av. René Duhourquet, 33130 Bègles, France",44.805942733112914,-0.541289088241894
Le Cuisinier itinérant,"23 Rue Bazter, 64210 Arbonne, France",+33 6 61 02 04 63,5.0,"23 Rue Bazter, 64210 Arbonne, France",43.446485249999995,-1.542405
Atlantique Traiteur,"56 Rue Forestière, 40600 Biscarrosse, France",+33 5 58 82 00 08,5.0,"56 Rue Forestière, 40600 Biscarrosse, France",44.382879,-1.1454251
"Jean Sébastien ""Mes délices traiteurs","23 bis Av. Fernand Pillot, 33133 Galgon, France",+33 6 13 23 24 76,4.9,"23 bis Av. Fernand Pillot, 33133 Galgon, France",44.989487387521294,-0.2710259298291327
Rotisserie et Traiteur Saveur Saveurs,"8 Cr Balguerie Stuttenberg, 33300 Bordeaux, France",+33 9 51 86 54 35,4.4,"8 Cr Balguerie Stuttenberg, 33300 Bordeaux, France",44.860592793482674,-0.5636608026636326
Traiteur Nomade - La Barquette des Saveurs,"24 Rue des Arbousiers, 33850 Léognan, France",+33 6 72 71 00 33,4.9,"24 Rue des Arbousiers, 33850 Léognan, France",44.73547967575942,-0.6066857626828804
VIRONNEAU EVENEMENTIEL,"2 Rue de l Abbé David, 33133 Galgon, France",+33 5 57 74 30 08,4.7,"2 Rue de l Abbé David, 33133 Galgon, France",44.98953058796226,-0.27460366833759203
Fatima Traiteur marocain Saint-Loubès Bordeaux,"27 Rue Jean Ferrat, 33450 Saint-Loubès, France",+33 6 47 34 59 46,4.9,"27 Rue Jean Ferrat, 33450 Saint-Loubès, France",44.90870655,-0.4376025775695305
Tout & Bon Bordeaux Lac,"18 Rue Roger Touton, 33300 Bordeaux, France",+33 5 57 13 24 66,4.8,"18 Rue Roger Touton, 33300 Bordeaux, France",44.8855283,-0.5475255
Ottaviani Traiteur,"15 lieu-dit, 33620 Tizac-de-Lapouyade, France",+33 6 37 03 50 77,4.7,"15 lieu-dit, 33620 Tizac-de-Lapouyade, France",45.05178877266134,-0.3124655775381029
Barrère Traiteur,"8 Rue Léonce Garnier, 64600 Anglet, France",+33 5 59 31 41 26,4.7,"8 Rue Léonce Garnier, 64600 Anglet, France",43.46522389443893,-1.4983552929904824
Vincent cuisine,"1 Grand Rue, 33540 Castelmoron-d'Albret, France",+33 6 59 63 90 18,5.0,"1 Grand Rue, 33540 Castelmoron-d'Albret, France",44.68013378211849,-0.012155867575974045
Traiteur Les Saveurs d'isa,"3 Rte de Lescazeilles, 33380 Mios, France",+33 6 16 33 05 11,5.0,"3 Rte de Lescazeilles, 33380 Mios, France",44.622684,-0.945796
Marc Sainte-Claire Traiteur événementiel & méchoui gironde,"2-10 Rue Maxime Lafourcade, 33190 Gironde-sur-Dropt, France",+33 9 81 76 03 02,5.0,"2-10 Rue Maxime Lafourcade, 33190 Gironde-sur-Dropt, France",44.583663931642825,-0.09109574981867019
Nathalie Traiteur,"1 Imp. Franklin, 33530 Bassens, France",+33 9 53 93 91 34,4.8,"1 Imp. Franklin, 33530 Bassens, France",44.895148,-0.525713
Florent Linard Traiteur,"3 allée des chênes, 87440 Saint-Mathieu, France",+33 6 01 01 15 63,5.0,"3 allée des chênes, 87440 Saint-Mathieu, France",45.70895267970186,0.7714039400493286
"Traiteur Charlie & Tom, Bordeaux","11 Rue Notre Dame, 33000 Bordeaux, France",+33 6 59 02 11 20,4.5,"11 Rue Notre Dame, 33000 Bordeaux, France",44.8498771,-0.5724547
Traiteur Lavignac,"Av. de la Mairie, 64250 Cambo-les-Bains, France",+33 5 59 29 25 65,4.6,"Av. de la Mairie, 64250 Cambo-les-Bains, France",43.360973453194084,-1.3989470818129737
La Cuisine de Roukia,"39 Rte de Créon, 33750 Saint-Germain-du-Puch, France",+33 6 89 26 70 30,4.9,"39 Rte de Créon, 33750 Saint-Germain-du-Puch, France",44.84888172976134,-0.32907774552048774
PLAISIR TRAITEUR - 64800,"20 Pl. du Marcadieu, 64800 Nay, France",+33 5 59 61 12 96,4.6,"20 Pl. du Marcadieu, 64800 Nay, France",43.180095,-0.26416
LA MARMITE TRAITEUR BORDEAUX,"21 Rue des Menuts, 33000 Bordeaux, France",+33 5 57 95 96 08,4.2,"21 Rue des Menuts, 33000 Bordeaux, France",44.8343575,-0.5678552
Céline Réception,"5 Benauge, 33420 Jugazan, France",+33 6 03 49 91 36,4.8,"5 Benauge, 33420 Jugazan, France",44.7700609,-0.144771
David cuisine traiteur,"6 Rte de Paris, 33910 Saint-Denis-de-Pile, France",+33 6 38 39 08 41,5.0,"6 Rte de Paris, 33910 Saint-Denis-de-Pile, France",44.97172294820409,-0.21747726435589024
Au Bon Goût,"22 Av. de Verdun, 33620 Lapouyade, France",+33 5 57 49 41 30,4.3,"22 Av. de Verdun, 33620 Lapouyade, France",45.08563444871678,-0.2869527065553538
De l'huile sur le feu,"17 Av. du Général de Gaulle, 33350 Saint-Magne-de-Castillon, France",+33 6 76 16 25 49,5.0,"17 Av. du Général de Gaulle, 33350 Saint-Magne-de-Castillon, France",44.8643479867027,-0.0692500807212715
Le bonheur est dans l'assiette,"7 Rue Aliénor d'Aquitaine, 64510 Bordes, France",+33 6 88 68 70 95,4.6,"7 Rue Aliénor d'Aquitaine, 64510 Bordes, France",43.24192316221536,-0.2818417736720061
La maison des delices,"37 Rue Judaïque, 33000 Bordeaux, France",+33 5 56 48 07 40,4.6,"37 Rue Judaïque, 33000 Bordeaux, France",44.8415501,-0.5828762
Traiteur la Rose des Sables Royan,"14 Rue François Arago, 17200 Royan, France",+33 5 46 05 16 22,4.8,"14 Rue François Arago, 17200 Royan, France",45.6330371,-0.9993393
Elyse traiteur,"3 Rue Jean Baptiste Greuze, 33160 Saint-Médard-en-Jalles, France",+33 5 56 30 24 84,5.0,"3 Rue Jean Baptiste Greuze, 33160 Saint-Médard-en-Jalles, France",44.87937908191488,-0.6932562567656357
Scénologie,"9 Allées de Chartres, 33000 Bordeaux, France",+33 6 86 90 05 15,5.0,"9 Allées de Chartres, 33000 Bordeaux, France",44.8474063,-0.5718935
Lacoste Traiteur,"47 Av. de la Forêt, 33320 Eysines, France",+33 5 56 57 59 67,4.4,"47 Av. de la Forêt, 33320 Eysines, France",44.86743335247063,-0.6590740830969998
Les Inspirés - Personal Traiteur à Agen,"Rue de Bellile, 47000 Agen, France",+33 5 53 68 04 15,4.7,"Rue de Bellile, 47000 Agen, France",44.183756903354066,0.6158139442439793
Sarciat Traiteur,"6 All. de l'Airial, 33640 Castres-Gironde, France",+33 6 12 50 71 59,5.0,"6 All. de l'Airial, 33640 Castres-Gironde, France",44.68871045794326,-0.45063171696939003
Une histoire de goût,"136 Avenue de St Médard, 33700 Mérignac, France",+33 5 56 47 46 47,4.8,"136 Avenue de St Médard, 33700 Mérignac, France",44.8626235,-0.6528958
nuevo-traiteur,"14 Rue Richard Wagner, 33700 Mérignac, France",+33 6 29 95 51 95,5.0,"14 Rue Richard Wagner, 33700 Mérignac, France",44.84090176551213,-0.6503664237804071
JMB Traiteur,"17 Rue Mondon, 33310 Le Bouscat, France",+33 6 10 62 66 30,4.8,"17 Rue Mondon, 33310 Le Bouscat, France",44.8666757,-0.5928071
JC Traiteur,"6 Rte de la Croix Maulde, 87460 Bujaleuf, France",+33 5 55 69 50 95,5.0,"6 Rte de la Croix Maulde, 87460 Bujaleuf, France",45.800888266467425,1.626462136842646
salle de réception & restaurant éphémère l'Auvergnassou aux saveurs Bellocoises,"L'Auvergnassou, 19430 Bassignac-le-Bas, France",+33 6 12 65 90 60,4.8,"L'Auvergnassou, 19430 Bassignac-le-Bas, France",45.0172339,1.885845
L'instanTraiteur,"10 Rte de Pitoys, 64600 Anglet, France",+33 5 59 43 81 99,4.7,"10 Rte de Pitoys, 64600 Anglet, France",43.4639951,-1.5055481
L'armandine - Traiteur Mariages Réceptions en Dordogne,"18 Imp. du Renard Gourmand, 24600 Saint-Sulpice-de-Roumagnac, France",+33 6 09 14 44 80,4.7,"18 Imp. du Renard Gourmand, 24600 Saint-Sulpice-de-Roumagnac, France",45.20582022425396,0.38192109464885954
Presto Traiteur,"3385 route de l océan, 47130 Montesquieu, France",+33 5 53 67 87 24,4.5,"3385 route de l océan, 47130 Montesquieu, France",44.20576376252153,0.43846325978146616
Traiteur Lamy,"23 Rue de Cournil, 47300 Villeneuve-sur-Lot, France",+33 6 20 34 32 09,4.4,"23 Rue de Cournil, 47300 Villeneuve-sur-Lot, France",44.414329,0.70621
La Maison Du Traiteur,"27 Rue des Douves, 33800 Bordeaux, France",+33 5 56 92 92 29,4.9,"27 Rue des Douves, 33800 Bordeaux, France",44.8303136,-0.5654538
Traiteur Mariages et Réceptions - Eric Sucère,"Rue du Château, 32110 Panjas, France",+33 6 41 22 21 06,4.6,"Rue du Château, 32110 Panjas, France",43.82035642680368,-0.08896401902194459
Lagrangette Traiteur,"Lagrangette, 47360 Saint-Salvy, France",+33 5 53 47 69 50,4.4,"Lagrangette, 47360 Saint-Salvy, France",44.29846737126244,0.46044363037720515
La Ferme de Puycheny,"Puycheny, 24660 Sanilhac, France",+33 6 84 61 07 55,4.9,"Puycheny, 24660 Sanilhac, France",45.1308394,0.7307835
TENTATION TRAITEUR,"345 Av. de l'Argonne, 33700 Mérignac, France",+33 5 56 79 72 18,5.0,"345 Av. de l'Argonne, 33700 Mérignac, France",44.8145925,-0.7141455000000008
3 petits plats,"8 Rue du Maréchal Joffre, 33000 Bordeaux, France",+33 5 56 01 01 19,4.6,"8 Rue du Maréchal Joffre, 33000 Bordeaux, France",44.8366607,-0.5785794
Alex Traiteur Rôtisseur,"59 Rue Lafon, 33540 Sauveterre-de-Guyenne, France",+33 6 66 98 91 96,5.0,"59 Rue Lafon, 33540 Sauveterre-de-Guyenne, France",44.69151226238091,-0.08730430129194632
ACHENGLIL MECHOUI,"21 Le Treytin, 33112 Saint-Laurent-Médoc, France",+33 6 86 69 69 45,5.0,"21 Le Treytin, 33112 Saint-Laurent-Médoc, France",45.1444923,-0.8138289
Chez Yann,"4 l’orée du bois, 33680 Le Porge, France",+33 6 25 78 67 98,4.6,"4 l’orée du bois, 33680 Le Porge, France",44.87009176052682,-1.0930909069342465
Traiteur de la Haute Lande,"Rte de Mont de Marsan, 33125 Hostens, France",+33 5 56 88 57 30,4.8,"Rte de Mont de Marsan, 33125 Hostens, France",44.4673819633319,-0.6289605421161125
Dulou Traiteur,"24 bis Rte du Bois de Savis, 33640 Castres-Gironde, France",+33 5 56 67 10 44,4.2,"24 bis Rte du Bois de Savis, 33640 Castres-Gironde, France",44.683549566161695,-0.4476255058933188
